Reflectivities for Uranus and Neptune. There are 2048 wavelengths
Reflectivities plotted in Fig.2
Observed reflectivities are combined HST/STIS and IRTF/SpeX observations
Calculated reflectivities are for cloud-free conditions using different
methane absorption coefficients
Columns are:
wavelength (micron), observed reflectivity, Calc. (HITRAN 2016), Calc. (TheoRETS), Calc K+T (2010)

Neptune
     0.200000      0.00000     0.474039     0.473017     0.473018
     0.201000      0.00000     0.512772     0.517352     0.517351
     0.202000      0.00000     0.535523     0.535966     0.535965
     0.203000      0.00000     0.535715     0.532804     0.532803
     0.204000      0.00000     0.547300     0.550877     0.550875
     0.205000      0.00000     0.528835     0.527543     0.527542
     0.206000      0.00000     0.532487     0.531984     0.531983
     0.207000      0.00000     0.529673     0.529180     0.529178
     0.208000      0.00000     0.521775     0.514624     0.514623
     0.209000      0.00000     0.540743     0.542290     0.542288
     0.210000      0.00000     0.531386     0.529124     0.529122
     0.211000      0.00000     0.533776     0.538211     0.538209
     0.212000      0.00000     0.525802     0.525332     0.525330
     0.213000      0.00000     0.545592     0.544706     0.544703
     0.214000      0.00000     0.546726     0.547367     0.547364
     0.215000      0.00000     0.547197     0.550279     0.550276
     0.216000      0.00000     0.562964     0.561724     0.561721
     0.217000      0.00000     0.553582     0.549993     0.549990
     0.218000      0.00000     0.546388     0.543018     0.543015
     0.219000      0.00000     0.570497     0.577730     0.577727
     0.220000      0.00000     0.551551     0.549717     0.549713
     0.221000      0.00000     0.578204     0.576960     0.576956
     0.222000      0.00000     0.578698     0.577267     0.577263
     0.223000      0.00000     0.548587     0.546371     0.546367
     0.224000      0.00000     0.570958     0.577371     0.577367
     0.225000      0.00000     0.586771     0.586587     0.586583
     0.226000      0.00000     0.625544     0.628811     0.628806
     0.227000      0.00000     0.602196     0.590778     0.590774
     0.228000      0.00000     0.590967     0.594118     0.594113
     0.229000      0.00000     0.581546     0.582880     0.582876
     0.230000      0.00000     0.586321     0.584674     0.584670
     0.231000      0.00000     0.588865     0.590891     0.590886
     0.232000      0.00000     0.596318     0.593201     0.593196
     0.233000      0.00000     0.653146     0.661699     0.661693
     0.234000      0.00000     0.632158     0.623030     0.623025
     0.235000      0.00000     0.626475     0.628329     0.628325
     0.236000      0.00000     0.604779     0.604192     0.604188
     0.237000      0.00000     0.612520     0.616860     0.616855
     0.238000      0.00000     0.604467     0.599937     0.599932
     0.239000      0.00000     0.626544     0.629186     0.629181
     0.240000      0.00000     0.640143     0.635999     0.635994
     0.241000      0.00000     0.632185     0.628525     0.628519
     0.242000      0.00000     0.597306     0.597789     0.597784
     0.243000      0.00000     0.596887     0.601905     0.601900
     0.244000      0.00000     0.607137     0.607687     0.607681
     0.245000      0.00000     0.631453     0.631599     0.631594
     0.246000      0.00000     0.636088     0.632952     0.632947
     0.247000      0.00000     0.633234     0.634376     0.634371
     0.248000      0.00000     0.656406     0.655834     0.655829
     0.249000      0.00000     0.668785     0.666376     0.666371
     0.250000      0.00000     0.638803     0.642103     0.642098
     0.251000      0.00000     0.638322     0.642592     0.642587
     0.252000      0.00000     0.647789     0.640840     0.640835
     0.253000      0.00000     0.645097     0.640434     0.640429
     0.254000      0.00000     0.635389     0.635084     0.635078
     0.255000      0.00000     0.612704     0.610505     0.610499
     0.256000      0.00000     0.582979     0.581687     0.581682
     0.257000      0.00000     0.563977     0.566461     0.566455
     0.258000      0.00000     0.559546     0.562747     0.562742
     0.259000      0.00000     0.583338     0.585789     0.585783
     0.260000      0.00000     0.627859     0.624122     0.624117
     0.261000      0.00000     0.642402     0.639232     0.639227
     0.262000      0.00000     0.630854     0.626931     0.626925
     0.263000      0.00000     0.575593     0.568124     0.568118
     0.264000      0.00000     0.544559     0.548380     0.548375
     0.265000      0.00000     0.546917     0.548413     0.548407
     0.266000      0.00000     0.567658     0.569972     0.569966
     0.267000      0.00000     0.571987     0.571189     0.571183
     0.268000      0.00000     0.586124     0.586888     0.586882
     0.269000      0.00000     0.590547     0.588188     0.588182
     0.270000      0.00000     0.596639     0.599764     0.599758
     0.271000      0.00000     0.604033     0.605740     0.605734
     0.272000      0.00000     0.618414     0.616276     0.616270
     0.273000      0.00000     0.625266     0.628297     0.628292
     0.274000      0.00000     0.645963     0.642092     0.642087
     0.275000      0.00000     0.647635     0.638425     0.638420
     0.276000      0.00000     0.606853     0.611168     0.611162
     0.277000      0.00000     0.584394     0.590082     0.590076
     0.278000      0.00000     0.605120     0.607758     0.607753
     0.279000      0.00000     0.673009     0.667009     0.667004
     0.280000      0.00000     0.723029     0.704523     0.704518
     0.281000      0.00000     0.640404     0.636795     0.636790
     0.282000      0.00000     0.570796     0.573133     0.573127
     0.283000      0.00000     0.557491     0.563393     0.563387
     0.284000      0.00000     0.583328     0.587547     0.587541
     0.285000      0.00000     0.620561     0.607121     0.607116
     0.286000      0.00000     0.611840     0.610336     0.610330
     0.287000      0.00000     0.590699     0.595974     0.595968
     0.288000      0.00000     0.593332     0.587800     0.587794
     0.289000      0.00000     0.587331     0.584186     0.584181
     0.290000      0.00000     0.572870     0.577425     0.577419
     0.291000      0.00000     0.564779     0.567251     0.567245
     0.292000      0.00000     0.570838     0.570396     0.570390
     0.293000      0.00000     0.579077     0.579355     0.579349
     0.294000      0.00000     0.585519     0.582202     0.582197
     0.295000      0.00000     0.608201     0.610805     0.610800
     0.296000      0.00000     0.612249     0.612710     0.612705
     0.297000      0.00000     0.627133     0.627002     0.626997
     0.298000      0.00000     0.622124     0.622064     0.622059
     0.299000      0.00000     0.627395     0.627321     0.627316
     0.300000      0.00000     0.649083     0.649051     0.649047
     0.301000     0.664141     0.655945     0.653858     0.653854
     0.302000     0.645966     0.646429     0.644459     0.644455
     0.303000     0.629807     0.619059     0.621069     0.621064
     0.304000     0.621212     0.607548     0.608462     0.608457
     0.305000     0.606364     0.623848     0.624892     0.624887
     0.306000     0.595675     0.632504     0.630442     0.630438
     0.307000     0.605141     0.625047     0.624537     0.624533
     0.308000     0.620009     0.618796     0.622625     0.622621
     0.309000     0.627018     0.627947     0.624859     0.624855
     0.310000     0.625547     0.632459     0.628264     0.628260
     0.311000     0.614025     0.617334     0.621628     0.621624
     0.312000     0.602948     0.609951     0.610362     0.610358
     0.313000     0.595346     0.615302     0.613393     0.613389
     0.314000     0.594694     0.622276     0.625108     0.625104
     0.315000     0.606032     0.632989     0.632418     0.632414
     0.316000     0.614102     0.632923     0.629176     0.629173
     0.317000     0.607652     0.620640     0.623070     0.623067
     0.318000     0.594516     0.620259     0.619274     0.619270
     0.319000     0.594931     0.629965     0.629010     0.629007
     0.320000     0.601898     0.622020     0.624284     0.624281
     0.321000     0.601903     0.610904     0.611577     0.611573
     0.322000     0.599805     0.617634     0.616579     0.616575
     0.323000     0.604831     0.634882     0.633695     0.633692
     0.324000     0.609090     0.632247     0.629593     0.629590
     0.325000     0.604135     0.625190     0.625514     0.625511
     0.326000     0.591992     0.610138     0.612457     0.612454
     0.327000     0.581378     0.607135     0.606802     0.606798
     0.328000     0.581860     0.630558     0.630400     0.630398
     0.329000     0.589716     0.628558     0.628347     0.628344
     0.330000     0.592444     0.620870     0.622769     0.622766
     0.331000     0.591766     0.627277     0.626548     0.626545
     0.332000     0.593864     0.643418     0.643099     0.643097
     0.333000     0.598118     0.656914     0.656653     0.656651
     0.334000     0.605047     0.656388     0.657686     0.657685
     0.335000     0.609966     0.641487     0.641903     0.641901
     0.336000     0.613755     0.650162     0.650608     0.650606
     0.337000     0.615845     0.645716     0.642235     0.642232
     0.338000     0.611421     0.639321     0.638705     0.638703
     0.339000     0.601426     0.637406     0.637911     0.637909
     0.340000     0.594763     0.641340     0.643279     0.643277
     0.341000     0.590924     0.646707     0.646063     0.646061
     0.342000     0.590547     0.641632     0.641876     0.641875
     0.343000     0.594346     0.643498     0.645093     0.645091
     0.344000     0.599221     0.659062     0.657402     0.657401
     0.345000     0.602454     0.662119     0.659622     0.659621
     0.346000     0.603986     0.663310     0.666730     0.666730
     0.347000     0.602511     0.641825     0.640974     0.640973
     0.348000     0.601875     0.645420     0.644148     0.644147
     0.349000     0.603332     0.660641     0.659850     0.659850
     0.350000     0.601396     0.653209     0.654261     0.654260
     0.351000     0.595211     0.647358     0.648641     0.648640
     0.352000     0.588527     0.653230     0.652758     0.652757
     0.353000     0.591326     0.645650     0.642578     0.642577
     0.354000     0.598467     0.644057     0.645492     0.645491
     0.355000     0.598885     0.648698     0.652737     0.652736
     0.356000     0.608372     0.646851     0.646924     0.646923
     0.357000     0.633074     0.666535     0.663471     0.663471
     0.358000     0.644331     0.707488     0.703955     0.703956
     0.359000     0.634495     0.690626     0.691285     0.691286
     0.360000     0.625929     0.650622     0.653485     0.653484
     0.361000     0.626556     0.659215     0.658253     0.658253
     0.362000     0.627288     0.669694     0.667650     0.667650
     0.363000     0.615914     0.656813     0.658077     0.658077
     0.364000     0.605013     0.657138     0.656005     0.656005
     0.365000     0.607254     0.650295     0.648608     0.648608
     0.366000     0.606503     0.637188     0.639771     0.639770
     0.367000     0.603982     0.640901     0.642452     0.642451
     0.368000     0.606751     0.648972     0.647789     0.647788
     0.369000     0.608889     0.643447     0.641127     0.641126
     0.370000     0.613444     0.658960     0.662086     0.662086
     0.371000     0.625474     0.665657     0.667262     0.667262
     0.372000     0.630169     0.650419     0.649125     0.649125
     0.373000     0.620490     0.658478     0.657488     0.657488
     0.374000     0.627897     0.694094     0.693178     0.693179
     0.375000     0.647844     0.694459     0.691688     0.691690
     0.376000     0.643733     0.677109     0.678655     0.678655
     0.377000     0.626122     0.641465     0.640439     0.640438
     0.378000     0.621732     0.633415     0.635909     0.635909
     0.379000     0.626004     0.661457     0.662478     0.662478
     0.380000     0.632095     0.671561     0.669531     0.669531
     0.381000     0.644916     0.668426     0.672979     0.672980
     0.382000     0.668798     0.696278     0.695295     0.695296
     0.383000     0.688423     0.754066     0.747983     0.747986
     0.384000     0.684538     0.726598     0.724313     0.724315
     0.385000     0.669779     0.687800     0.688962     0.688964
     0.386000     0.665267     0.708687     0.710635     0.710636
     0.387000     0.657153     0.711375     0.713561     0.713563
     0.388000     0.638550     0.677949     0.673984     0.673985
     0.389000     0.630959     0.670668     0.668805     0.668805
     0.390000     0.629718     0.665693     0.666190     0.666191
     0.391000     0.630257     0.663390     0.669312     0.669313
     0.392000     0.649162     0.668146     0.671073     0.671074
     0.393000     0.660723     0.719034     0.709480     0.709482
     0.394000     0.656271     0.716669     0.708755     0.708757
     0.395000     0.660671     0.656587     0.664746     0.664747
     0.396000     0.668336     0.668328     0.669534     0.669535
     0.397000     0.666559     0.716611     0.704889     0.704891
     0.398000     0.648688     0.672732     0.672921     0.672922
     0.399000     0.629697     0.639885     0.643507     0.643508
     0.400000     0.625644     0.641403     0.641998     0.641866
     0.401000     0.626309     0.639858     0.640425     0.640291
     0.402000     0.623249     0.634231     0.634788     0.634655
     0.403000     0.626324     0.637123     0.636358     0.636223
     0.404000     0.637582     0.649084     0.650275     0.650033
     0.405000     0.641412     0.654121     0.653033     0.652125
     0.406000     0.636033     0.665614     0.666794     0.664831
     0.407000     0.638717     0.658365     0.656376     0.654572
     0.408000     0.652250     0.654345     0.654114     0.653389
     0.409000     0.670270     0.665080     0.667561     0.667268
     0.410000     0.682450     0.673423     0.672022     0.671785
     0.411000     0.681204     0.664939     0.662745     0.662421
     0.412000     0.677533     0.670531     0.672966     0.672564
     0.413000     0.676251     0.672986     0.673674     0.673267
     0.414000     0.676806     0.655690     0.656033     0.655699
     0.415000     0.675384     0.642149     0.638794     0.638448
     0.416000     0.672032     0.666628     0.669142     0.668725
     0.417000     0.674829     0.669782     0.670687     0.670226
     0.418000     0.676993     0.657579     0.656437     0.655668
     0.419000     0.669208     0.659236     0.657907     0.655634
     0.420000     0.659427     0.672704     0.673029     0.669049
     0.421000     0.663283     0.667516     0.669248     0.666447
     0.422000     0.676877     0.664988     0.664017     0.662929
     0.423000     0.681782     0.685794     0.685570     0.685167
     0.424000     0.680879     0.684977     0.686228     0.685884
     0.425000     0.682974     0.667612     0.666925     0.666349
     0.426000     0.689618     0.669486     0.669176     0.668586
     0.427000     0.697730     0.681538     0.681243     0.680488
     0.428000     0.702781     0.690787     0.692991     0.692281
     0.429000     0.711239     0.689652     0.691460     0.690830
     0.430000     0.720155     0.702140     0.696723     0.695916
     0.431000     0.709749     0.711325     0.707415     0.706009
     0.432000     0.691977     0.685058     0.688440     0.686128
     0.433000     0.687916     0.680990     0.682570     0.679046
     0.434000     0.689262     0.695714     0.693672     0.688700
     0.435000     0.681485     0.689166     0.689511     0.681190
     0.436000     0.666660     0.670235     0.671770     0.660776
     0.437000     0.659556     0.661090     0.661563     0.649871
     0.438000     0.664225     0.667824     0.667406     0.657541
     0.439000     0.661898     0.664468     0.662862     0.647925
     0.440000     0.625719     0.661767     0.660495     0.625369
     0.441000     0.587404     0.675550     0.676824     0.616861
     0.442000     0.590305     0.673472     0.674150     0.622909
     0.443000     0.628053     0.666482     0.666929     0.641319
     0.444000     0.662868     0.662769     0.662099     0.653431
     0.445000     0.680191     0.669841     0.671892     0.668149
     0.446000     0.686668     0.660755     0.658263     0.654229
     0.447000     0.684722     0.658371     0.657170     0.653314
     0.448000     0.684778     0.671843     0.673957     0.667160
     0.449000     0.684446     0.675237     0.674101     0.667100
     0.450000     0.681171     0.673437     0.674336     0.666449
     0.451000     0.680214     0.664269     0.664399     0.656962
     0.452000     0.681192     0.673632     0.675205     0.666257
     0.453000     0.677307     0.673979     0.671394     0.658712
     0.454000     0.670451     0.676652     0.677158     0.663122
     0.455000     0.664998     0.676594     0.676232     0.657938
     0.456000     0.658193     0.674226     0.675070     0.653914
     0.457000     0.652742     0.664980     0.665114     0.639576
     0.458000     0.643922     0.664950     0.664783     0.626866
     0.459000     0.626324     0.669792     0.669566     0.614960
     0.460000     0.621568     0.670403     0.669968     0.618111
     0.461000     0.646209     0.671594     0.671337     0.639807
     0.462000     0.676943     0.676591     0.678010     0.665005
     0.463000     0.689964     0.673092     0.672448     0.665360
     0.464000     0.692031     0.681086     0.681598     0.672444
     0.465000     0.688895     0.684784     0.683571     0.669339
     0.466000     0.685052     0.689787     0.691972     0.672927
     0.467000     0.687046     0.680547     0.678272     0.659326
     0.468000     0.693702     0.683509     0.684182     0.671943
     0.469000     0.701458     0.683815     0.684455     0.675097
     0.470000     0.705489     0.685412     0.685395     0.677530
     0.471000     0.703457     0.678947     0.677288     0.668101
     0.472000     0.700970     0.680953     0.682104     0.669766
     0.473000     0.700182     0.682810     0.683191     0.668521
     0.474000     0.697043     0.678670     0.677420     0.663459
     0.475000     0.691941     0.681561     0.683462     0.667840
     0.476000     0.686053     0.677239     0.675564     0.654787
     0.477000     0.677667     0.673899     0.675791     0.646307
     0.478000     0.664090     0.651372     0.649466     0.610647
     0.479000     0.644035     0.661232     0.660907     0.601411
     0.480000     0.619112     0.680529     0.681684     0.591245
     0.481000     0.593456     0.683265     0.682444     0.568938
     0.482000     0.572249     0.691464     0.692570     0.552944
     0.483000     0.553094     0.694600     0.694632     0.524225
     0.484000     0.510535     0.694463     0.695069     0.469825
     0.485000     0.464876     0.699401     0.701419     0.422775
     0.486000     0.463988     0.703758     0.699042     0.405406
     0.487000     0.523117     0.710005     0.709964     0.483560
     0.488000     0.602089     0.704092     0.703691     0.560134
     0.489000     0.663741     0.709010     0.711204     0.645146
     0.490000     0.695754     0.687244     0.686831     0.650362
     0.491000     0.705460     0.688335     0.688531     0.657949
     0.492000     0.708591     0.702297     0.701664     0.670012
     0.493000     0.703806     0.700653     0.700985     0.666765
     0.494000     0.694366     0.687619     0.688045     0.652267
     0.495000     0.690037     0.675630     0.674934     0.647448
     0.496000     0.691802     0.677266     0.678081     0.646676
     0.497000     0.694627     0.681253     0.679400     0.643484
     0.498000     0.693170     0.702013     0.704992     0.660683
     0.499000     0.687349     0.693071     0.690861     0.637673
     0.500000     0.680417     0.698834     0.700274     0.638471
     0.501000     0.674172     0.703704     0.702783     0.632600
     0.502000     0.664233     0.704417     0.703758     0.619473
     0.503000     0.650585     0.704861     0.705469     0.611726
     0.504000     0.635666     0.704798     0.705111     0.595033
     0.505000     0.617379     0.692475     0.691555     0.565163
     0.506000     0.594817     0.690086     0.690339     0.544387
     0.507000     0.570625     0.700894     0.702938     0.524673
     0.508000     0.544637     0.686167     0.684170     0.482765
     0.509000     0.520173     0.683011     0.682217     0.459090
     0.510000     0.508745     0.702335     0.703201     0.459117
     0.511000     0.524624     0.702395     0.703611     0.475068
     0.512000     0.567672     0.682594     0.681960     0.511976
     0.513000     0.618394     0.685368     0.684833     0.562268
     0.514000     0.656611     0.697693     0.697361     0.612078
     0.515000     0.671908     0.696092     0.697392     0.632242
     0.516000     0.675866     0.699771     0.699853     0.634525
     0.517000     0.672221     0.716725     0.716349     0.637734
     0.518000     0.657932     0.707165     0.704138     0.606333
     0.519000     0.635150     0.711078     0.712248     0.590745
     0.520000     0.613238     0.707460     0.708630     0.563788
     0.521000     0.597877     0.693772     0.692854     0.528004
     0.522000     0.591577     0.699857     0.700667     0.521211
     0.523000     0.592660     0.698754     0.698471     0.519367
     0.524000     0.601372     0.686333     0.686022     0.520859
     0.525000     0.618252     0.685122     0.685720     0.534957
     0.526000     0.638154     0.699083     0.700887     0.557742
     0.527000     0.649018     0.697755     0.693449     0.561139
     0.528000     0.646880     0.701216     0.702040     0.568388
     0.529000     0.639482     0.696298     0.697885     0.559795
     0.530000     0.629217     0.688783     0.687965     0.544100
     0.531000     0.612386     0.688010     0.688164     0.524191
     0.532000     0.589427     0.697524     0.699445     0.498897
     0.533000     0.561904     0.691602     0.689124     0.462569
     0.534000     0.532089     0.688277     0.688582     0.433554
     0.535000     0.498222     0.679055     0.679638     0.398189
     0.536000     0.458603     0.677866     0.676928     0.355671
     0.537000     0.415674     0.696757     0.697502     0.320283
     0.538000     0.376318     0.698167     0.697988     0.284643
     0.539000     0.345281     0.698977     0.699582     0.257663
     0.540000     0.316023     0.706451     0.705710     0.233357
     0.541000     0.283389     0.705597     0.705953     0.209561
     0.542000     0.254333     0.691270     0.690834     0.190231
     0.543000     0.244560     0.691134     0.690233     0.185054
     0.544000     0.260482     0.697611     0.699902     0.196611
     0.545000     0.308408     0.679828     0.678267     0.224508
     0.546000     0.382276     0.679574     0.679476     0.283952
     0.547000     0.471021     0.688724     0.689458     0.365934
     0.548000     0.552801     0.691562     0.690272     0.447101
     0.549000     0.607859     0.698418     0.699234     0.506143
     0.550000     0.635893     0.697423     0.698204     0.534936
     0.551000     0.645026     0.687002     0.686303     0.537207
     0.552000     0.642834     0.687571     0.686794     0.536696
     0.553000     0.630627     0.698116     0.699634     0.535007
     0.554000     0.611559     0.689182     0.687216     0.506922
     0.555000     0.593556     0.696651     0.698391     0.496547
     0.556000     0.584592     0.699556     0.699177     0.483704
     0.557000     0.583899     0.701018     0.701183     0.478796
     0.558000     0.588368     0.700376     0.700211     0.481216
     0.559000     0.595536     0.702006     0.702229     0.486354
     0.560000     0.599567     0.690569     0.689341     0.483085
     0.561000     0.598219     0.687230     0.688047     0.482480
     0.562000     0.594518     0.681673     0.682561     0.480970
     0.563000     0.588495     0.671546     0.668351     0.466258
     0.564000     0.577628     0.694856     0.697609     0.463435
     0.565000     0.558819     0.699020     0.698259     0.443930
     0.566000     0.532580     0.698653     0.699341     0.418991
     0.567000     0.501921     0.688151     0.686297     0.389161
     0.568000     0.475716     0.694747     0.697227     0.371237
     0.569000     0.458162     0.686950     0.684881     0.347434
     0.570000     0.441059     0.696863     0.698087     0.332595
     0.571000     0.421953     0.700083     0.698811     0.313635
     0.572000     0.401056     0.695788     0.696815     0.294646
     0.573000     0.377418     0.681662     0.681246     0.269879
     0.574000     0.352795     0.680193     0.680878     0.248123
     0.575000     0.333065     0.683611     0.682089     0.231695
     0.576000     0.325198     0.692029     0.694434     0.228018
     0.577000     0.328789     0.672777     0.671054     0.229257
     0.578000     0.342968     0.673326     0.673836     0.243018
     0.579000     0.370427     0.675269     0.674344     0.267047
     0.580000     0.409494     0.677993     0.678694     0.301032
     0.581000     0.452907     0.679440     0.678316     0.341645
     0.582000     0.491917     0.686911     0.688716     0.381316
     0.583000     0.522509     0.678189     0.676584     0.402395
     0.584000     0.547136     0.687057     0.688072     0.424977
     0.585000     0.565503     0.688258     0.689531     0.438625
     0.586000     0.574750     0.672220     0.669788     0.436328
     0.587000     0.574656     0.673171     0.674009     0.441136
     0.588000     0.571000     0.680812     0.681993     0.436615
     0.589000     0.560291     0.687027     0.686037     0.424139
     0.590000     0.533182     0.680217     0.678714     0.394192
     0.591000     0.496228     0.674577     0.675363     0.363942
     0.592000     0.460576     0.673409     0.674158     0.332843
     0.593000     0.425967     0.667699     0.667360     0.303901
     0.594000     0.391568     0.668228     0.667264     0.273258
     0.595000     0.362791     0.682782     0.683661     0.248278
     0.596000     0.345269     0.681650     0.682186     0.235272
     0.597000     0.342619     0.669522     0.669165     0.231253
     0.598000     0.347503     0.670738     0.669772     0.234848
     0.599000     0.358556     0.679321     0.681006     0.245015
     0.600000     0.374802     0.671258     0.669583     0.255133
     0.601000     0.396555     0.681221     0.682195     0.274083
     0.602000     0.422089     0.683239     0.682365     0.292780
     0.603000     0.443331     0.680346     0.681214     0.308868
     0.604000     0.449457     0.668101     0.667811     0.311595
     0.605000     0.436858     0.666842     0.666071     0.301920
     0.606000     0.408379     0.674614     0.675996     0.281297
     0.607000     0.369452     0.667969     0.666842     0.250613
     0.608000     0.330111     0.664947     0.667055     0.223068
     0.609000     0.302137     0.649212     0.645934     0.202360
     0.610000     0.283019     0.661630     0.664405     0.189235
     0.611000     0.256968     0.648681     0.647345     0.166866
     0.612000     0.222141     0.648109     0.647255     0.142444
     0.613000     0.186177     0.664814     0.666411     0.122707
     0.614000     0.157026     0.662042     0.661173     0.109680
     0.615000     0.141027     0.660087     0.660545     0.102924
     0.616000     0.132526     0.661381     0.661302    0.0990833
     0.617000     0.123457     0.663052     0.661394    0.0945664
     0.618000     0.112170     0.668597     0.670751    0.0904117
     0.619000     0.104890     0.658737     0.656918    0.0865202
     0.620000     0.104722     0.665584     0.666741    0.0870006
     0.621000     0.109876     0.666712     0.666542    0.0890923
     0.622000     0.119915     0.664847     0.666176    0.0931152
     0.623000     0.138151     0.650503     0.648503    0.0997627
     0.624000     0.166920     0.655177     0.656346     0.111520
     0.625000     0.204398     0.653997     0.653141     0.128685
     0.626000     0.245796     0.652579     0.652577     0.152019
     0.627000     0.288487     0.651410     0.650789     0.183126
     0.628000     0.330816     0.659620     0.660619     0.220032
     0.629000     0.370387     0.658866     0.659498     0.254691
     0.630000     0.403369     0.648370     0.647714     0.281507
     0.631000     0.425692     0.648789     0.647999     0.305004
     0.632000     0.439073     0.656417     0.657613     0.318511
     0.633000     0.443767     0.646115     0.645688     0.320092
     0.634000     0.441799     0.639458     0.639087     0.318025
     0.635000     0.434307     0.638205     0.638805     0.313128
     0.636000     0.423054     0.633980     0.632822     0.303238
     0.637000     0.410011     0.637543     0.638573     0.293447
     0.638000     0.394464     0.634851     0.633474     0.276896
     0.639000     0.377445     0.648905     0.650487     0.263326
     0.640000     0.360019     0.651900     0.651276     0.245949
     0.641000     0.341360     0.650916     0.651424     0.226888
     0.642000     0.325314     0.641254     0.640437     0.210012
     0.643000     0.321196     0.638418     0.638861     0.206470
     0.644000     0.323602     0.639387     0.638535     0.210912
     0.645000     0.326303     0.645616     0.647269     0.214538
     0.646000     0.326803     0.637158     0.635255     0.211508
     0.647000     0.323969     0.643829     0.644792     0.208061
     0.648000     0.313686     0.643539     0.643639     0.198150
     0.649000     0.299175     0.643777     0.644283     0.183981
     0.650000     0.287641     0.632908     0.632631     0.172701
     0.651000     0.281373     0.618476     0.616767     0.166679
     0.652000     0.276965     0.631124     0.632298     0.165518
     0.653000     0.267135     0.638780     0.638681     0.159289
     0.654000     0.250751     0.637108     0.638740     0.148462
     0.655000     0.234974     0.629982     0.630623     0.135765
     0.656000     0.223724     0.631113     0.628273     0.126559
     0.657000     0.213666     0.633302     0.631883     0.121665
     0.658000     0.203434     0.626340     0.627107     0.118587
     0.659000     0.194804     0.627961     0.628735     0.115559
     0.660000     0.188750     0.631711     0.631520     0.112669
     0.661000     0.183006     0.630152     0.630840     0.109526
     0.662000     0.174215     0.621575     0.621216     0.104068
     0.663000     0.165555     0.621211     0.621190     0.100021
     0.664000     0.160186     0.621038     0.621167    0.0978625
     0.665000     0.154587     0.616736     0.615942    0.0952760
     0.666000     0.147287     0.620139     0.621011    0.0915219
     0.667000     0.143297     0.617439     0.616865    0.0890867
     0.668000     0.144321     0.615921     0.616102    0.0899029
     0.669000     0.150454     0.614820     0.614279    0.0927325
     0.670000     0.162282     0.621103     0.621983    0.0980565
     0.671000     0.179125     0.621113     0.620652     0.107307
     0.672000     0.200934     0.619778     0.620265     0.119918
     0.673000     0.226578     0.609978     0.609481     0.137623
     0.674000     0.253041     0.608758     0.608404     0.158048
     0.675000     0.282661     0.615543     0.616123     0.185305
     0.676000     0.313540     0.616005     0.615707     0.211274
     0.677000     0.335936     0.614374     0.615450     0.232774
     0.678000     0.340383     0.601739     0.600620     0.239578
     0.679000     0.320303     0.600909     0.601197     0.226960
     0.680000     0.286069     0.600805     0.600572     0.193338
     0.681000     0.254221     0.600155     0.599971     0.163012
     0.682000     0.227407     0.602199     0.602032     0.139958
     0.683000     0.210634     0.608460     0.608904     0.125810
     0.684000     0.210413     0.608006     0.608415     0.125709
     0.685000     0.218598     0.599598     0.598873     0.132851
     0.686000     0.227241     0.597965     0.598169     0.139586
     0.687000     0.238490     0.598008     0.597537     0.146960
     0.688000     0.249756     0.604550     0.604949     0.156370
     0.689000     0.259718     0.602983     0.603866     0.165447
     0.690000     0.270958     0.590057     0.588971     0.173150
     0.691000     0.276346     0.587720     0.588578     0.177513
     0.692000     0.275932     0.584819     0.582795     0.175506
     0.693000     0.269050     0.599271     0.600812     0.168160
     0.694000     0.254603     0.599884     0.599487     0.153874
     0.695000     0.231301     0.598280     0.598894     0.134944
     0.696000     0.201786     0.588969     0.588588     0.112757
     0.697000     0.174251     0.588066     0.587561    0.0965480
     0.698000     0.154030     0.594932     0.595546    0.0866581
     0.699000     0.135371     0.591086     0.590616    0.0778625
     0.700000     0.116695     0.588754     0.590116    0.0707213
     0.701000     0.103735     0.578836     0.577194    0.0652872
     0.702000    0.0964940     0.583536     0.583835    0.0631288
     0.703000    0.0942650     0.586452     0.586406    0.0625168
     0.704000    0.0963061     0.584902     0.585231    0.0628460
     0.705000     0.102817     0.578675     0.578800    0.0645540
     0.706000     0.112449     0.574486     0.574077    0.0679309
     0.707000     0.121849     0.577704     0.577375    0.0717340
     0.708000     0.132270     0.584291     0.584920    0.0757172
     0.709000     0.142742     0.584918     0.584550    0.0801118
     0.710000     0.152956     0.583017     0.583604    0.0849888
     0.711000     0.161888     0.575107     0.574805    0.0898864
     0.712000     0.166276     0.574723     0.574054    0.0921993
     0.713000     0.166947     0.580779     0.581376    0.0929092
     0.714000     0.162767     0.580371     0.580132    0.0900758
     0.715000     0.144501     0.578852     0.579669    0.0794729
     0.716000     0.115018     0.565655     0.565134    0.0654055
     0.717000    0.0868920     0.560468     0.559602    0.0557169
     0.718000    0.0687620     0.571005     0.571840    0.0504419
     0.719000    0.0603721     0.571384     0.571531    0.0469287
     0.720000    0.0555281     0.563039     0.562778    0.0440980
     0.721000    0.0533380     0.559194     0.558801    0.0423749
     0.722000    0.0517079     0.561148     0.561226    0.0414157
     0.723000    0.0496300     0.563633     0.563355    0.0401420
     0.724000    0.0468041     0.560197     0.562568    0.0378015
     0.725000    0.0433760     0.527888     0.526520    0.0352260
     0.726000    0.0404751     0.507438     0.507290    0.0326960
     0.727000    0.0393119     0.496164     0.495962    0.0314444
     0.728000    0.0398659     0.491885     0.491905    0.0318691
     0.729000    0.0414901     0.488357     0.488163    0.0334812
     0.730000    0.0434210     0.482881     0.482484    0.0353859
     0.731000    0.0453070     0.480821     0.481458    0.0372062
     0.732000    0.0474981     0.474280     0.473904    0.0388460
     0.733000    0.0500600     0.469302     0.469446    0.0402375
     0.734000    0.0535210     0.464027     0.463709    0.0420328
     0.735000    0.0576519     0.463768     0.464191    0.0445400
     0.736000    0.0624859     0.458109     0.458304    0.0465280
     0.737000    0.0690371     0.445569     0.445314    0.0485481
     0.738000    0.0801311     0.438191     0.438395    0.0520839
     0.739000    0.0964241     0.431428     0.431158    0.0577143
     0.740000     0.117654     0.422213     0.422550    0.0650464
     0.741000     0.143559     0.412782     0.412012    0.0767935
     0.742000     0.170101     0.411105     0.411318    0.0935413
     0.743000     0.195278     0.404832     0.404844     0.112086
     0.744000     0.216715     0.398066     0.397789     0.130356
     0.745000     0.227901     0.388784     0.363585     0.142946
     0.746000     0.231167     0.377412     0.288639     0.145940
     0.747000     0.231384     0.365661     0.191033     0.145645
     0.748000     0.231901     0.355415     0.145897     0.147889
     0.749000     0.232502     0.339231     0.136390     0.146601
     0.750000     0.234261     0.329120     0.130387     0.145490
     0.751000     0.237593     0.325046     0.127202     0.148313
     0.752000     0.240590     0.326095     0.122195     0.149691
     0.753000     0.244772     0.327586     0.119862     0.151669
     0.754000     0.246135     0.330370     0.118857     0.156053
     0.755000     0.238156     0.330121     0.112945     0.149471
     0.756000     0.224869     0.325069     0.107884     0.137408
     0.757000     0.210486     0.314853     0.103231     0.122847
     0.758000     0.196319     0.304421    0.0972553     0.109413
     0.759000     0.182292     0.292288    0.0889012    0.0980670
     0.760000     0.164047     0.279167    0.0802882    0.0858593
     0.761000     0.143310     0.268245    0.0729013    0.0741322
     0.762000     0.127807     0.262930    0.0687867    0.0674860
     0.763000     0.118480     0.255397    0.0646466    0.0633878
     0.764000     0.110925     0.252773    0.0609902    0.0598363
     0.765000     0.106757     0.250446    0.0579449    0.0577973
     0.766000     0.104526     0.247469    0.0564772    0.0566757
     0.767000     0.103818     0.243251    0.0565589    0.0567096
     0.768000     0.105210     0.233438    0.0566830    0.0567704
     0.769000     0.106317     0.224305    0.0561353    0.0571369
     0.770000     0.104833     0.215051    0.0548179    0.0562736
     0.771000     0.101560     0.205024    0.0537400    0.0553182
     0.772000    0.0950171     0.195263    0.0514428    0.0521634
     0.773000    0.0857880     0.186845    0.0482594    0.0489211
     0.774000    0.0802811     0.177037    0.0456521    0.0465295
     0.775000    0.0779659     0.167502    0.0437204    0.0458105
     0.776000    0.0739011     0.156382    0.0410284    0.0439914
     0.777000    0.0689909     0.145835    0.0389609    0.0422380
     0.778000    0.0644620     0.134821    0.0369925    0.0406047
     0.779000    0.0598449     0.124062    0.0351085    0.0386453
     0.780000    0.0543270     0.114408    0.0333939    0.0359830
     0.781000    0.0492770     0.107491    0.0325227    0.0341777
     0.782000    0.0460851     0.101900    0.0317312    0.0329002
     0.783000    0.0450601     0.101019    0.0320207    0.0322708
     0.784000    0.0455030     0.106001    0.0334291    0.0322986
     0.785000    0.0468829     0.115279    0.0345950    0.0332883
     0.786000    0.0479271     0.125434    0.0350413    0.0337819
     0.787000    0.0486840     0.132993    0.0355428    0.0338440
     0.788000    0.0493321     0.135915    0.0358954    0.0341465
     0.789000    0.0494819     0.134109    0.0355326    0.0343274
     0.790000    0.0488919     0.129184    0.0345968    0.0340819
     0.791000    0.0475660     0.119468    0.0324129    0.0329262
     0.792000    0.0454300     0.108739    0.0302237    0.0313361
     0.793000    0.0428750    0.0982933    0.0286176    0.0297957
     0.794000    0.0407629    0.0897572    0.0276992    0.0286587
     0.795000    0.0393110    0.0858142    0.0274581    0.0278057
     0.796000    0.0386361    0.0899045    0.0284024    0.0279522
     0.797000    0.0385240    0.0999701    0.0298068    0.0284032
     0.798000    0.0388259     0.112518    0.0312539    0.0289481
     0.799000    0.0395839     0.121816    0.0320466    0.0294102
     0.800000    0.0407420     0.126948    0.0326983    0.0297957
     0.801000    0.0409269     0.126803    0.0328782    0.0297692
     0.802000    0.0412970     0.126171    0.0335464    0.0301551
     0.803000    0.0424471     0.123874    0.0341594    0.0305580
     0.804000    0.0438990     0.120213    0.0345166    0.0309328
     0.805000    0.0456629     0.115887    0.0346941    0.0314901
     0.806000    0.0479580     0.110910    0.0347697    0.0322513
     0.807000    0.0502270     0.105604    0.0349413    0.0329941
     0.808000    0.0523021     0.100022    0.0352256    0.0336811
     0.809000    0.0540131    0.0942176    0.0355941    0.0337739
     0.810000    0.0557600    0.0882214    0.0362040    0.0338248
     0.811000    0.0585821    0.0822068    0.0371862    0.0346342
     0.812000    0.0640429    0.0763714    0.0384093    0.0357877
     0.813000    0.0702071    0.0710699    0.0394751    0.0369550
     0.814000    0.0756561    0.0668168    0.0403980    0.0380940
     0.815000    0.0805441    0.0643040    0.0414181    0.0395246
     0.816000    0.0879819    0.0643378    0.0431560    0.0417287
     0.817000    0.0974700    0.0664629    0.0455912    0.0450208
     0.818000     0.108695    0.0706172    0.0485765    0.0492483
     0.819000     0.121096    0.0758713    0.0518685    0.0538597
     0.820000     0.132051    0.0806853    0.0552170    0.0586246
     0.821000     0.141244    0.0842062    0.0583719    0.0622117
     0.822000     0.148831    0.0856353    0.0603567    0.0644614
     0.823000     0.152399    0.0850701    0.0614289    0.0659613
     0.824000     0.152194    0.0827099    0.0615448    0.0655769
     0.825000     0.148475    0.0795735    0.0613739    0.0644502
     0.826000     0.145544    0.0770891    0.0616238    0.0627152
     0.827000     0.148574    0.0775322    0.0629931    0.0628475
     0.828000     0.157605    0.0832270    0.0671893    0.0669273
     0.829000     0.172039    0.0935835    0.0735556    0.0748838
     0.830000     0.189293     0.105784    0.0799431    0.0836213
     0.831000     0.198608     0.117167    0.0848558    0.0901137
     0.832000     0.193997     0.126472    0.0832143    0.0890006
     0.833000     0.169292     0.132907    0.0718770    0.0770115
     0.834000     0.132336     0.136524    0.0568564    0.0586228
     0.835000    0.0954860     0.137316    0.0440756    0.0421630
     0.836000    0.0683389     0.136143    0.0357869    0.0345566
     0.837000    0.0546890     0.133318    0.0312490    0.0304937
     0.838000    0.0458559     0.129421    0.0279870    0.0279420
     0.839000    0.0407021     0.124911    0.0259331    0.0260873
     0.840000    0.0385689     0.119942    0.0250659    0.0256725
     0.841000    0.0369501     0.115025    0.0239934    0.0249440
     0.842000    0.0374181     0.110260    0.0241057    0.0247515
     0.843000    0.0398769     0.105615    0.0253269    0.0259014
     0.844000    0.0416961     0.101134    0.0257560    0.0263409
     0.845000    0.0447491    0.0966621    0.0268308    0.0271061
     0.846000    0.0501191    0.0923886    0.0285646    0.0284753
     0.847000    0.0533670    0.0886262    0.0289826    0.0295443
     0.848000    0.0556770    0.0854882    0.0291688    0.0296267
     0.849000    0.0583820    0.0845193    0.0299955    0.0303155
     0.850000    0.0579589    0.0870259    0.0299935    0.0301535
     0.851000    0.0536520    0.0925135    0.0289725    0.0291901
     0.852000    0.0485459     0.100849    0.0276501    0.0278512
     0.853000    0.0432490     0.111362    0.0259417    0.0262313
     0.854000    0.0383729     0.123619    0.0242622    0.0244625
     0.855000    0.0346381     0.135441    0.0231220    0.0232305
     0.856000    0.0319649     0.146725    0.0220590    0.0221266
     0.857000    0.0295851     0.158962    0.0207411    0.0210393
     0.858000    0.0274270     0.171457    0.0196619    0.0199504
     0.859000    0.0256350     0.184140    0.0189617    0.0191785
     0.860000    0.0242950     0.196968    0.0181827    0.0183439
     0.861000    0.0234760     0.209871    0.0170367    0.0171046
     0.862000    0.0226200     0.222914    0.0159334    0.0160883
     0.863000    0.0212110     0.235560    0.0152408    0.0157211
     0.864000    0.0202410     0.247244    0.0148183    0.0155855
     0.865000    0.0206540     0.258961    0.0146186    0.0158673
     0.866000    0.0213220     0.269020    0.0147057    0.0162295
     0.867000    0.0218730     0.281627    0.0152272    0.0167789
     0.868000    0.0231980     0.267819    0.0163328    0.0176131
     0.869000    0.0246580    0.0825011    0.0174293    0.0184463
     0.870000    0.0256180    0.0290269    0.0181588    0.0190276
     0.871000    0.0267370    0.0206091    0.0188760    0.0196508
     0.872000    0.0281890    0.0195597    0.0195443    0.0203205
     0.873000    0.0297420    0.0201574    0.0198068    0.0207409
     0.874000    0.0304559    0.0202498    0.0195384    0.0208777
     0.875000    0.0302751    0.0203066    0.0189299    0.0207909
     0.876000    0.0299369    0.0200652    0.0182282    0.0205201
     0.877000    0.0288360    0.0196070    0.0175609    0.0201271
     0.878000    0.0276240    0.0192605    0.0167544    0.0195904
     0.879000    0.0267080    0.0187917    0.0156321    0.0184150
     0.880000    0.0247380    0.0173341    0.0141869    0.0162597
     0.881000    0.0215710    0.0146743    0.0124098    0.0132869
     0.882000    0.0180070    0.0115491    0.0106245    0.0102482
     0.883000    0.0153770   0.00844146   0.00937437   0.00841548
     0.884000    0.0138940   0.00638646   0.00881106   0.00812563
     0.885000    0.0132520   0.00631762   0.00878281   0.00878866
     0.886000    0.0123740   0.00675954   0.00855945   0.00812080
     0.887000    0.0120600   0.00684079   0.00820144   0.00646616
     0.888000    0.0125450   0.00750213   0.00858132   0.00632943
     0.889000    0.0130470   0.00811647   0.00910937   0.00727079
     0.890000    0.0130420   0.00805436   0.00923274   0.00774037
     0.890123    0.0152162   0.00805047   0.00922772   0.00773969
     0.890586    0.0144255   0.00805318   0.00950911   0.00773702
     0.891280    0.0150867   0.00813020   0.00948002   0.00775136
     0.891974    0.0163468   0.00850777   0.00989116   0.00779253
     0.892668    0.0158191   0.00867482   0.00995997   0.00764100
     0.893361    0.0160785   0.00862380   0.00992959   0.00739540
     0.894055    0.0149735   0.00839024   0.00987104   0.00708413
     0.894749    0.0151699   0.00819162   0.00976036   0.00696944
     0.895443    0.0155831   0.00812021   0.00973064   0.00717980
     0.896137    0.0146463   0.00803339   0.00915194   0.00765548
     0.896830    0.0156050   0.00815009   0.00865827   0.00846481
     0.897524    0.0163870   0.00826180   0.00874601   0.00907269
     0.898217    0.0161279   0.00833818   0.00871947   0.00947471
     0.898911    0.0147584   0.00861302   0.00876564   0.00959652
     0.899373    0.0171131   0.00882049   0.00874792   0.00986888
     0.900067    0.0177247   0.00972755   0.00865954    0.0103624
     0.900760    0.0197008    0.0105391   0.00894066    0.0110656
     0.901454    0.0187718    0.0106924   0.00891359    0.0117794
     0.902147    0.0202506    0.0113219   0.00938901    0.0124703
     0.902841    0.0208863    0.0125817    0.0100798    0.0130690
     0.903534    0.0229792    0.0137709    0.0110660    0.0137667
     0.904227    0.0242432    0.0140496    0.0110327    0.0144517
     0.904921    0.0240734    0.0148881    0.0118957    0.0150540
     0.905614    0.0265181    0.0157409    0.0127722    0.0156827
     0.906307    0.0262662    0.0159555    0.0127340    0.0163010
     0.907000    0.0283452    0.0167732    0.0137764    0.0169069
     0.907694    0.0302394    0.0175319    0.0147363    0.0174100
     0.908156    0.0293047    0.0177212    0.0147070    0.0177277
     0.908849    0.0300841    0.0183275    0.0156155    0.0181475
     0.909542    0.0335545    0.0186978    0.0159330    0.0184270
     0.910235    0.0328643    0.0186394    0.0158857    0.0185046
     0.910928    0.0315766    0.0180646    0.0154403    0.0182399
     0.911621    0.0295671    0.0172411    0.0148395    0.0178764
     0.912314    0.0298298    0.0168747    0.0147955    0.0175847
     0.913007    0.0270729    0.0164842    0.0146029    0.0173993
     0.913700    0.0286212    0.0173030    0.0149886    0.0175698
     0.914393    0.0298731    0.0185068    0.0149443    0.0177859
     0.915085    0.0293892    0.0442061    0.0152733    0.0180047
     0.915778    0.0323928    0.0897853    0.0156943    0.0179955
     0.916471    0.0301751     0.121045    0.0156480    0.0182491
     0.916933    0.0327775     0.188703    0.0166965    0.0185039
     0.917626    0.0343543     0.267923    0.0175034    0.0190532
     0.918318    0.0385994     0.282496    0.0174521    0.0195010
     0.919011    0.0376815     0.315493    0.0178321    0.0198049
     0.919704    0.0367281     0.334034    0.0186418    0.0201100
     0.920396    0.0417944     0.335415    0.0185874    0.0205978
     0.921089    0.0446689     0.339069    0.0197411    0.0212329
     0.921781    0.0461761     0.341440    0.0203092    0.0219409
     0.922474    0.0506590     0.341332    0.0202501    0.0227013
     0.923167    0.0517035     0.342395    0.0206457    0.0235452
     0.923859    0.0586412     0.342836    0.0217665    0.0245143
     0.924551    0.0593851     0.343180    0.0225090    0.0256072
     0.925244    0.0764235     0.342877    0.0224440    0.0264802
     0.925705    0.0605365     0.343150    0.0223711    0.0267297
     0.926398    0.0657144     0.342758    0.0223065    0.0274831
     0.927090    0.0803316     0.342429    0.0233364    0.0286671
     0.927783    0.0711543     0.342162    0.0254747    0.0304704
     0.928475    0.0952705     0.341801    0.0254020    0.0331072
     0.929167    0.0982305     0.341595    0.0273174    0.0361015
     0.929860     0.103869     0.341235    0.0293592    0.0388439
     0.930552     0.104944     0.340836    0.0314966    0.0411597
     0.931244     0.121372     0.340293    0.0314085    0.0436901
     0.931936     0.119880     0.339986    0.0327372    0.0467806
     0.932628     0.117968     0.339442    0.0355710    0.0496372
     0.933321     0.135157     0.338970    0.0354727    0.0533764
     0.934013     0.147826     0.338271    0.0413974    0.0582445
     0.934474     0.152536     0.338124    0.0413227    0.0635246
     0.935166     0.168126     0.337618    0.0467285    0.0711087
     0.935858     0.189180     0.337302    0.0497500    0.0769504
     0.936550     0.162862     0.336685    0.0516341    0.0783356
     0.937242     0.189465     0.336152    0.0514990    0.0786683
     0.937934     0.150811     0.335510    0.0536106    0.0792342
     0.938626     0.193356     0.334909    0.0563250    0.0805720
     0.939327     0.185910     0.334342    0.0561771    0.0794168
     0.940142     0.174289     0.333512    0.0553612    0.0736963
     0.940957     0.152186     0.333243    0.0499307    0.0635015
     0.941773     0.131437     0.332265    0.0431216    0.0527523
     0.942588     0.115222     0.331270    0.0368051    0.0439275
     0.943403    0.0871585     0.330491    0.0366873    0.0373191
     0.943947    0.0954560     0.330034    0.0325716    0.0339686
     0.944762    0.0895525     0.329178    0.0298329    0.0305437
     0.945576    0.0738644     0.327931    0.0268884    0.0275502
     0.946391    0.0686215     0.326874    0.0268004    0.0242888
     0.947206    0.0517116     0.325753    0.0236185    0.0213705
     0.948021    0.0323650     0.324426    0.0229309    0.0204348
     0.948835    0.0600869     0.323137    0.0248192    0.0214348
     0.949650    0.0668866     0.321796    0.0247075    0.0219171
     0.950465    0.0521546     0.320833    0.0246266    0.0209625
     0.951279    0.0385297     0.319252    0.0220327    0.0193604
     0.952093    0.0362083     0.317423    0.0209167    0.0185466
     0.952908    0.0499923     0.314794    0.0223690    0.0194705
     0.953722    0.0521023     0.312135    0.0233545    0.0203355
     0.954265    0.0563579     0.310717    0.0233035    0.0204162
     0.955079    0.0473692     0.302919    0.0225896    0.0197592
     0.955893    0.0451350     0.279835    0.0209380    0.0188920
     0.956707    0.0404144     0.223520    0.0194709    0.0180418
     0.957521    0.0343716     0.151326    0.0190476    0.0174686
     0.958334    0.0404839     0.133522    0.0189849    0.0170639
     0.959148    0.0347397    0.0738266    0.0183211    0.0165705
     0.959962    0.0324936    0.0375996    0.0170257    0.0157377
     0.960775    0.0273887    0.0284856    0.0157112    0.0150463
     0.961589    0.0274812    0.0250095    0.0144546    0.0143306
     0.962402    0.0241893    0.0243712    0.0144068    0.0135629
     0.963216    0.0228728    0.0223894    0.0130650    0.0128196
     0.964029    0.0203353    0.0211116    0.0120105    0.0122731
     0.964571    0.0211446    0.0208169    0.0112376    0.0119838
     0.965385    0.0194162    0.0206775    0.0112003    0.0115928
     0.966198    0.0179979    0.0204850    0.0104447    0.0113064
     0.967011    0.0172029    0.0205044    0.0100626    0.0111826
     0.967824    0.0176949    0.0203272   0.00998006    0.0111653
     0.968637    0.0178210    0.0195488   0.00982389    0.0110103
     0.969450    0.0172595    0.0192095   0.00979147    0.0106541
     0.970262    0.0166205    0.0178993   0.00932861    0.0102127
     0.971075    0.0146704    0.0171473   0.00898831   0.00992164
     0.971888    0.0174268    0.0175922   0.00937327    0.0101170
     0.972701    0.0179052    0.0180508   0.00976929    0.0103566
     0.973513    0.0170435    0.0180079   0.00980191    0.0104500
     0.974326    0.0163243    0.0179417   0.00976972    0.0104594
     0.974867    0.0183787    0.0178887    0.0101607    0.0104692
     0.975680    0.0194961    0.0177302    0.0108034    0.0106279
     0.976492    0.0191958    0.0176125    0.0107680    0.0107414
     0.977304    0.0204965    0.0171768    0.0112591    0.0107523
     0.978116    0.0202992    0.0166843    0.0114484    0.0106794
     0.978929    0.0198538    0.0163942    0.0113905    0.0106500
     0.979741    0.0201555    0.0161875    0.0110305    0.0104268
     0.980553    0.0184782    0.0160346    0.0103041    0.0100300
     0.981365    0.0187266    0.0159632    0.0102705   0.00946133
     0.982177    0.0170326    0.0158394   0.00925325   0.00877073
     0.982988    0.0145978    0.0157295   0.00825309   0.00808012
     0.983800    0.0143466    0.0158086   0.00770030   0.00774718
     0.984612    0.0128983    0.0159753   0.00755501   0.00766370
     0.985153    0.0147726    0.0159784   0.00753863   0.00763422
     0.985965    0.0141970    0.0159141   0.00741110   0.00748870
     0.986776    0.0136766    0.0153855   0.00695400   0.00706286
     0.987588    0.0125479    0.0146457   0.00642760   0.00639898
     0.988399    0.0110539    0.0144631   0.00640676   0.00588651
     0.989210    0.0126849    0.0141697   0.00651667   0.00576455
     0.990022    0.0136926    0.0142324   0.00693299   0.00604743
     0.990833    0.0135456    0.0144154   0.00711487   0.00640811
     0.991644    0.0134728    0.0145696   0.00716303   0.00669813
     0.992455    0.0136772    0.0145769   0.00713990   0.00685964
     0.993266    0.0128439    0.0147037   0.00717291   0.00689297
     0.994078    0.0144235    0.0145725   0.00732480   0.00684136
     0.994888    0.0148048    0.0142570   0.00742281   0.00679094
     0.995429    0.0146726    0.0141625   0.00740687   0.00680988
     0.996240    0.0133249    0.0140173   0.00744206   0.00689288
     0.997051    0.0150895    0.0141104   0.00777964   0.00705320
     0.997862    0.0154791    0.0141523   0.00806089   0.00721352
     0.998672    0.0132573    0.0140142   0.00822419   0.00729953
     0.999483    0.0161049    0.0139537   0.00819784   0.00749310
      1.00029    0.0163640    0.0139524   0.00854912   0.00770619
      1.00110    0.0166860    0.0140085   0.00868285   0.00780219
      1.00191    0.0164389    0.0140007   0.00862407   0.00780325
      1.00273    0.0164833    0.0140315   0.00860506   0.00795982
      1.00354    0.0168945    0.0140190   0.00827555   0.00785047
      1.00435    0.0151772    0.0139627   0.00824918   0.00744994
      1.00516    0.0130620    0.0138174   0.00752602   0.00687996
      1.00570    0.0136538    0.0138075   0.00686535   0.00657506
      1.00651    0.0119174    0.0138785   0.00649704   0.00620210
      1.00732    0.0134984    0.0138682   0.00647634   0.00594265
      1.00813    0.0118192    0.0139398   0.00630620   0.00578901
      1.00894    0.0117611    0.0139159   0.00627220   0.00571594
      1.00975    0.0122364    0.0137452   0.00618511   0.00565899
      1.01056    0.0118477    0.0135783   0.00602804   0.00560384
      1.01137    0.0118979    0.0135069   0.00600892   0.00559808
      1.01218    0.0115506    0.0134056   0.00614836   0.00568055
      1.01299    0.0130581    0.0134604   0.00652734   0.00586798
      1.01380    0.0130554    0.0135930   0.00682225   0.00601208
      1.01461    0.0131830    0.0136632   0.00704111   0.00613508
      1.01541    0.0140052    0.0136665   0.00701915   0.00639618
      1.01595    0.0141120    0.0137620   0.00741726   0.00665206
      1.01676    0.0156399    0.0138519   0.00792096   0.00707525
      1.01757    0.0154105    0.0139594   0.00839392   0.00753076
      1.01838    0.0166682    0.0139794   0.00836747   0.00795010
      1.01919    0.0172843    0.0142224   0.00876228   0.00826442
      1.02000    0.0169459    0.0143236   0.00890356   0.00843294
      1.02081    0.0171554    0.0143857   0.00890678   0.00852255
      1.02162    0.0160576    0.0146036   0.00896295   0.00860645
      1.02243    0.0174602    0.0146266   0.00893477   0.00866039
      1.02324    0.0159615    0.0147993   0.00886236   0.00869224
      1.02405    0.0158953    0.0149332   0.00873978   0.00873502
      1.02486    0.0159399    0.0151325   0.00885920   0.00887471
      1.02567    0.0166748    0.0152745   0.00905506   0.00901696
      1.02621    0.0171924    0.0152855   0.00903609   0.00911622
      1.02701    0.0161254    0.0154732   0.00915849   0.00927944
      1.02782    0.0171826    0.0158961   0.00930909   0.00946527
      1.02863    0.0176131    0.0162599   0.00942319   0.00968766
      1.02944    0.0169747    0.0162982   0.00939357   0.00988268
      1.03025    0.0181876    0.0166452   0.00954691    0.0100314
      1.03106    0.0184006    0.0172966   0.00980043    0.0101528
      1.03187    0.0183382    0.0181890    0.0100490    0.0102502
      1.03268    0.0198642    0.0188584    0.0102772    0.0103393
      1.03349    0.0191284    0.0189606    0.0102446    0.0104249
      1.03429    0.0200829    0.0195705    0.0104371    0.0105089
      1.03510    0.0196773    0.0203361    0.0105666    0.0106015
      1.03591    0.0212792    0.0208598    0.0106360    0.0107237
      1.03645    0.0197983    0.0210052    0.0106134    0.0108203
      1.03726    0.0205118    0.0218948    0.0108234    0.0110529
      1.03807    0.0221494    0.0231228    0.0112096    0.0114550
      1.03887    0.0236578    0.0250973    0.0115495    0.0117871
      1.03968    0.0225324    0.0284637    0.0119687    0.0120827
      1.04049    0.0255606    0.0291933    0.0119299    0.0122905
      1.04130    0.0259594    0.0307282    0.0124606    0.0124040
      1.04211    0.0253159    0.0295064    0.0129928    0.0124665
      1.04292    0.0297227    0.0308579    0.0137940    0.0125798
      1.04372    0.0305780    0.0352865    0.0144090    0.0127769
      1.04453    0.0367339    0.0367815    0.0144923    0.0130190
      1.04534    0.0291465    0.0364782    0.0144396    0.0133748
      1.04615    0.0348084    0.0381725    0.0145499    0.0138898
      1.04669    0.0343859    0.0412707    0.0151711    0.0142074
      1.04749    0.0355813    0.0420675    0.0151113    0.0146744
      1.04830    0.0405702    0.0437479    0.0158742    0.0150766
      1.04911    0.0391081    0.0449943    0.0161315    0.0153523
      1.04992    0.0417138    0.0501724    0.0163695    0.0156913
      1.05073    0.0420681    0.0576589    0.0170615    0.0156156
      1.05153    0.0471815    0.0600100    0.0176375    0.0155363
      1.05234    0.0470341    0.0579603    0.0175261    0.0154961
      1.05315    0.0508122    0.0557964    0.0174307    0.0154957
      1.05396    0.0390823    0.0536047    0.0172787    0.0155593
      1.05476    0.0503585    0.0513459    0.0177239    0.0160981
      1.05557    0.0477516    0.0491743    0.0180728    0.0172810
      1.05638    0.0501230    0.0471922    0.0179093    0.0188901
      1.05692    0.0520924    0.0460147    0.0182978    0.0200640
      1.05772    0.0568969    0.0445213    0.0187072    0.0206075
      1.05853    0.0513104    0.0432718    0.0188094    0.0204541
      1.05934    0.0551230    0.0423778    0.0186712    0.0199524
      1.06015    0.0531632    0.0420432    0.0192713    0.0194733
      1.06095    0.0577571    0.0420622    0.0205975    0.0192270
      1.06176    0.0657400    0.0423537    0.0216301    0.0195209
      1.06257    0.0650403    0.0429585    0.0223621    0.0204055
      1.06338    0.0624112    0.0437073    0.0224678    0.0218104
      1.06418    0.0685991    0.0444538    0.0235296    0.0237988
      1.06499    0.0709034    0.0451370    0.0249106    0.0266386
      1.06580    0.0736497    0.0455791    0.0258140    0.0288843
      1.06660    0.0711550    0.0457931    0.0258814    0.0292472
      1.06714    0.0712850    0.0458235    0.0258553    0.0289019
      1.06795    0.0724201    0.0455812    0.0267190    0.0277123
      1.06876    0.0794862    0.0451386    0.0279027    0.0266101
      1.06956    0.0842486    0.0445262    0.0274111    0.0253069
      1.07037    0.0793872    0.0436473    0.0270933    0.0241298
      1.07118    0.0811709    0.0426070    0.0271181    0.0236673
      1.07199    0.0913876    0.0414423    0.0280689    0.0246762
      1.07279    0.0905122    0.0402725    0.0278241    0.0260419
      1.07360    0.0921251    0.0389403    0.0271660    0.0273248
      1.07440    0.0911437    0.0375978    0.0265651    0.0280018
      1.07521    0.0827706    0.0362021    0.0264926    0.0278217
      1.07602    0.0983510    0.0347470    0.0257955    0.0267444
      1.07683    0.0895552    0.0333066    0.0240340    0.0247508
      1.07736    0.0859971    0.0323655    0.0235891    0.0233159
      1.07817    0.0774887    0.0309262    0.0227107    0.0213015
      1.07898    0.0732332    0.0294876    0.0232744    0.0200340
      1.07978    0.0878979    0.0280660    0.0234116    0.0194248
      1.08059    0.0815773    0.0267542    0.0229846    0.0188912
      1.08140    0.0754633    0.0255036    0.0220762    0.0184209
      1.08220    0.0834846    0.0244168    0.0218373    0.0180495
      1.08301    0.0743549    0.0234535    0.0213995    0.0177673
      1.08382    0.0754864    0.0227409    0.0207430    0.0170967
      1.08462    0.0727474    0.0222346    0.0202157    0.0163602
      1.08543    0.0710724    0.0220123    0.0201543    0.0155372
      1.08624    0.0688076    0.0211722    0.0198247    0.0144807
      1.08704    0.0603262    0.0192272    0.0192439    0.0132283
      1.08758    0.0597430    0.0177076    0.0183460    0.0125492
      1.08839    0.0582782    0.0172835    0.0185559    0.0116936
      1.08919    0.0536965    0.0157586    0.0175534    0.0110390
      1.09000    0.0469876    0.0139528    0.0164509    0.0104291
      1.09081    0.0448622    0.0127500    0.0150795   0.00985265
      1.09161    0.0361480    0.0121492    0.0136544   0.00944832
      1.09242    0.0303388    0.0120234    0.0135739   0.00904913
      1.09322    0.0311192    0.0117583    0.0123971   0.00862896
      1.09403    0.0214323    0.0115749    0.0114169   0.00821752
      1.09484    0.0243144    0.0115287    0.0105927   0.00786444
      1.09564    0.0200649    0.0115856   0.00987506   0.00767384
      1.09645    0.0182449    0.0114976   0.00978119   0.00747774
      1.09725    0.0190252    0.0115287   0.00908482   0.00722805
      1.09779    0.0176604    0.0115617   0.00841246   0.00702743
      1.09860    0.0145291    0.0115367   0.00779385   0.00678561
      1.09941    0.0156089    0.0114119   0.00771602   0.00671981
      1.10021    0.0140379    0.0116628   0.00752661   0.00686097
      1.10102    0.0154282    0.0120662   0.00766666   0.00714284
      1.10182    0.0162619    0.0120889   0.00777817   0.00718929
      1.10263    0.0150429    0.0116824   0.00769817   0.00720880
      1.10344    0.0154244    0.0112923   0.00758076   0.00707715
      1.10424    0.0160762    0.0105344   0.00717308   0.00679471
      1.10505    0.0133782   0.00948320   0.00667599   0.00641682
      1.10585    0.0121890   0.00851203   0.00676537   0.00614681
      1.10666    0.0162249   0.00791318   0.00702579   0.00621926
      1.10747    0.0152585   0.00759191   0.00687280   0.00626586
      1.10800    0.0129936   0.00711360   0.00659135   0.00624981
      1.10881    0.0130924   0.00662192   0.00646032   0.00608718
      1.10961    0.0134663   0.00648212   0.00661083   0.00600439
      1.11042    0.0143928   0.00638297   0.00649492   0.00585414
      1.11123    0.0131087   0.00633278   0.00633637   0.00560241
      1.11203    0.0130605   0.00632366   0.00605183   0.00531186
      1.11284    0.0124937   0.00622943   0.00566832   0.00483927
      1.11364    0.0111823   0.00608898   0.00521735   0.00433490
      1.11445    0.0106205   0.00599965   0.00516636   0.00394140
      1.11525    0.0104915   0.00586210   0.00476431   0.00357445
      1.11606   0.00902770   0.00553065   0.00431148   0.00304610
      1.11687   0.00938441   0.00504301   0.00390543   0.00277446
      1.11767   0.00852970   0.00472844   0.00375844   0.00271542
      1.11821   0.00901016   0.00462623   0.00371517   0.00277043
      1.11901   0.00792027   0.00443963   0.00375837   0.00300114
      1.11982   0.00928064   0.00426221   0.00376999   0.00312511
      1.12063    0.0103736   0.00410402   0.00364751   0.00305714
      1.12143   0.00753928   0.00397441   0.00355820   0.00280124
      1.12224   0.00791691   0.00377096   0.00317963   0.00242567
      1.12304   0.00654596   0.00360589   0.00274316   0.00208698
      1.12385   0.00710999   0.00355313   0.00271663   0.00209523
      1.12466   0.00701730   0.00353705   0.00277272   0.00211578
      1.12546   0.00588584   0.00351158   0.00275508   0.00198479
      1.12627   0.00599324   0.00348665   0.00256870   0.00170718
      1.12707   0.00622683   0.00354647   0.00228513   0.00139867
      1.12767   0.00442373   0.00365805   0.00203738   0.00120005
      1.12832   0.00444785   0.00374555   0.00205423   0.00105355
      1.12930   0.00465543   0.00395362   0.00197634  0.000996674
      1.13027   0.00473572   0.00415358   0.00203500   0.00104811
      1.13125   0.00544052   0.00431399   0.00212352   0.00106780
      1.13223   0.00435170   0.00440812   0.00212370   0.00105125
      1.13320   0.00410510   0.00442604   0.00204981   0.00100172
      1.13418   0.00470197   0.00430086   0.00190990  0.000843239
      1.13515   0.00341992   0.00405199   0.00173250  0.000770774
      1.13613   0.00395163   0.00391978   0.00177333  0.000811364
      1.13711   0.00504784   0.00398440   0.00206902   0.00101162
      1.13808   0.00577181   0.00404605   0.00231461   0.00126947
      1.13906   0.00604743   0.00400778   0.00234581   0.00133717
      1.14003   0.00505735   0.00388889   0.00225961   0.00134415
      1.14068   0.00535261   0.00377568   0.00230578   0.00138857
      1.14166   0.00560878   0.00358341   0.00237713   0.00149159
      1.14263   0.00586310   0.00336878   0.00236471   0.00161241
      1.14361   0.00593006   0.00315598   0.00237682   0.00172430
      1.14459   0.00651407   0.00295085   0.00238454   0.00182039
      1.14556   0.00619707   0.00275201   0.00230315   0.00188723
      1.14654   0.00605533   0.00255029   0.00214572   0.00183924
      1.14751   0.00554566   0.00235548   0.00196905   0.00169258
      1.14848   0.00504312   0.00219206   0.00185476   0.00153877
      1.14946   0.00436019   0.00202063   0.00168863   0.00138022
      1.15043   0.00452104   0.00187191   0.00152806   0.00121216
      1.15141   0.00369018   0.00175743   0.00139681   0.00104751
      1.15238   0.00313408   0.00167234   0.00127176  0.000837601
      1.15336   0.00279852   0.00162620   0.00112374  0.000608986
      1.15401   0.00252836   0.00162775  0.000986387  0.000503457
      1.15498   0.00211279   0.00166179  0.000860195  0.000341773
      1.15596   0.00175681   0.00174185  0.000777513  0.000272223
      1.15693   0.00185201   0.00188405  0.000799410  0.000291679
      1.15791   0.00193752   0.00207876  0.000905668  0.000351175
      1.15888   0.00263091   0.00227268  0.000952255  0.000378687
      1.15985   0.00226062   0.00239567  0.000884452  0.000341000
      1.16083   0.00170653   0.00245142  0.000780756  0.000252943
      1.16180   0.00138596   0.00248760  0.000704655  0.000206449
      1.16278   0.00156171   0.00257998  0.000735795  0.000227867
      1.16375   0.00230583   0.00273298  0.000868673  0.000280429
      1.16472   0.00230960   0.00292235   0.00100245  0.000349105
      1.16570   0.00299095   0.00312080   0.00108039  0.000375073
      1.16635   0.00285071   0.00319409   0.00108579  0.000382808
      1.16732   0.00282737   0.00333816   0.00112157  0.000419615
      1.16829   0.00397976   0.00344797   0.00124044  0.000538475
      1.16927   0.00396215   0.00346719   0.00139679  0.000733516
      1.17024   0.00455549   0.00343875   0.00158465  0.000910618
      1.17121   0.00543310   0.00341901   0.00180683   0.00116907
      1.17219   0.00486078   0.00338362   0.00195124   0.00129762
      1.17316   0.00615479   0.00331441   0.00206082   0.00148730
      1.17413   0.00578118   0.00321522   0.00215178   0.00165044
      1.17510   0.00624969   0.00311185   0.00220004   0.00181990
      1.17608   0.00651280   0.00298810   0.00222471   0.00187238
      1.17705   0.00631539   0.00283787   0.00218775   0.00186078
      1.17802   0.00573454   0.00268289   0.00210516   0.00166828
      1.17867   0.00579477   0.00257218   0.00202344   0.00158074
      1.17964   0.00562912   0.00241212   0.00182716   0.00136730
      1.18062   0.00460590   0.00226305   0.00163931   0.00120512
      1.18159   0.00469104   0.00212634   0.00150667   0.00106849
      1.18256   0.00383618   0.00200977   0.00137761  0.000981464
      1.18353   0.00376410   0.00191448   0.00127525  0.000910712
      1.18451   0.00392018   0.00184044   0.00122756  0.000881246
      1.18548   0.00366819   0.00178657   0.00120177  0.000886433
      1.18645   0.00379257   0.00175325   0.00119599  0.000860608
      1.18742   0.00314937   0.00174438   0.00115241  0.000835091
      1.18840   0.00366507   0.00177850   0.00112286  0.000887697
      1.18937   0.00417543   0.00186702   0.00125226   0.00105103
      1.19034   0.00432769   0.00201200   0.00144836   0.00119630
      1.19099   0.00455681   0.00212953   0.00149841   0.00122421
      1.19196   0.00435685   0.00233386   0.00153984   0.00119316
      1.19293   0.00482948   0.00256734   0.00165138   0.00129360
      1.19390   0.00544826   0.00280107   0.00180351   0.00143133
      1.19488   0.00582338   0.00301633   0.00195131   0.00161339
      1.19585   0.00585723   0.00315634   0.00209189   0.00174391
      1.19682   0.00659336   0.00325521   0.00226560   0.00188908
      1.19779   0.00700629   0.00333769   0.00243801   0.00214238
      1.19876   0.00657403   0.00336917   0.00246902   0.00220245
      1.19973   0.00649996   0.00338593   0.00238828   0.00215345
      1.20070   0.00687207   0.00342013   0.00237853   0.00212865
      1.20168   0.00688190   0.00348992   0.00248572   0.00221518
      1.20265   0.00746464   0.00360516   0.00263849   0.00239093
      1.20329   0.00665996   0.00369848   0.00267460   0.00252755
      1.20426   0.00808091   0.00391099   0.00288529   0.00277108
      1.20524   0.00822723   0.00416442   0.00308175   0.00303930
      1.20621   0.00866404   0.00444169   0.00322681   0.00326990
      1.20718   0.00906973   0.00473074   0.00339538   0.00348354
      1.20815    0.0100690   0.00503854   0.00365404   0.00374239
      1.20912    0.0103321   0.00534348   0.00387034   0.00400612
      1.21009    0.0102295   0.00558606   0.00400294   0.00403646
      1.21106    0.0106386   0.00577444   0.00412015   0.00416079
      1.21203    0.0106571   0.00587574   0.00418469   0.00429889
      1.21300    0.0109994   0.00591355   0.00435130   0.00447081
      1.21397    0.0116147   0.00606244   0.00468447   0.00469384
      1.21494    0.0127457   0.00624741   0.00485967   0.00496250
      1.21559    0.0115383   0.00629967   0.00478417   0.00497502
      1.21656    0.0119080   0.00632865   0.00467001   0.00497154
      1.21753    0.0114090   0.00641903   0.00471059   0.00495360
      1.21850    0.0116015   0.00652250   0.00485560   0.00498544
      1.21947    0.0122227   0.00647193   0.00481697   0.00500261
      1.22044    0.0111942   0.00641996   0.00479010   0.00492412
      1.22141    0.0118698   0.00631366   0.00474440   0.00486003
      1.22238    0.0117844   0.00622539   0.00474596   0.00481240
      1.22335    0.0111178   0.00607953   0.00465986   0.00470193
      1.22432    0.0112599   0.00588701   0.00455555   0.00454903
      1.22529    0.0109216   0.00569547   0.00442461   0.00439329
      1.22626    0.0106433   0.00551304   0.00423547   0.00425347
      1.22723   0.00981271   0.00532197   0.00401255   0.00405225
      1.22788    0.0102993   0.00516054   0.00380411   0.00393523
      1.22885   0.00950594   0.00491011   0.00354380   0.00371920
      1.22982   0.00893725   0.00468072   0.00334042   0.00350669
      1.23079   0.00880224   0.00449541   0.00330641   0.00337622
      1.23176   0.00891221   0.00434630   0.00340873   0.00341308
      1.23273   0.00895872   0.00419981   0.00346455   0.00347486
      1.23370   0.00919959   0.00405866   0.00333678   0.00347611
      1.23467   0.00824474   0.00394911   0.00318687   0.00336092
      1.23564   0.00832964   0.00392698   0.00318344   0.00331167
      1.23661   0.00841114   0.00396425   0.00326879   0.00332083
      1.23758   0.00836572   0.00404931   0.00341688   0.00340582
      1.23854   0.00910765   0.00422611   0.00359266   0.00356714
      1.23951   0.00920093   0.00445772   0.00376282   0.00372661
      1.24016   0.00947704   0.00464698   0.00386791   0.00384626
      1.24113    0.0104301   0.00498502   0.00415523   0.00404578
      1.24210    0.0106770   0.00538289   0.00447099   0.00428564
      1.24307    0.0117419   0.00579264   0.00464848   0.00450940
      1.24404    0.0113932   0.00617909   0.00473154   0.00465600
      1.24501    0.0125577   0.00649209   0.00490304   0.00472941
      1.24597    0.0125550   0.00683642   0.00522105   0.00481224
      1.24694    0.0139335   0.00731117   0.00554114   0.00510285
      1.24791    0.0152488   0.00787010   0.00568779   0.00541004
      1.24888    0.0159251   0.00843740   0.00592552   0.00549420
      1.24985    0.0179838   0.00888654   0.00627507   0.00574787
      1.25082    0.0174806   0.00916298   0.00642354   0.00593431
      1.25179    0.0187440   0.00937731   0.00657099   0.00601520
      1.25243    0.0195360   0.00951268   0.00660097   0.00605569
      1.25340    0.0181947   0.00998185   0.00688324   0.00627407
      1.25437    0.0261730    0.0106992   0.00720424   0.00675258
      1.25534    0.0232501    0.0114473   0.00767301   0.00728232
      1.25631    0.0269546    0.0120678   0.00815007   0.00759765
      1.25727    0.0306613    0.0122470   0.00813679   0.00743781
      1.25824    0.0227713    0.0121197   0.00762347   0.00716488
      1.25921    0.0253251    0.0122082   0.00756055   0.00697782
      1.26018    0.0278071    0.0123651   0.00775470   0.00688267
      1.26115    0.0224028    0.0122555   0.00741523   0.00672959
      1.26212    0.0186849    0.0110695   0.00674957   0.00653373
      1.26309    0.0171122   0.00890637   0.00665816   0.00638209
      1.26405    0.0238012   0.00834019   0.00753747   0.00672303
      1.26470    0.0285473   0.00946624   0.00855701   0.00728536
      1.26567    0.0310952    0.0101676   0.00855912   0.00760253
      1.26663    0.0313052   0.00918319   0.00799671   0.00734686
      1.26760    0.0226776   0.00834899   0.00801674   0.00721917
      1.26857    0.0290837   0.00856935   0.00837796   0.00779850
      1.26954    0.0291342   0.00880228   0.00849018   0.00801439
      1.27051    0.0260915   0.00883264   0.00842218   0.00780386
      1.27147    0.0253113   0.00888165   0.00840220   0.00779307
      1.27244    0.0281474   0.00976961   0.00872328   0.00800569
      1.27341    0.0367265    0.0111802   0.00971489   0.00839939
      1.27438    0.0348914    0.0127838    0.0110803   0.00894082
      1.27535    0.0374016    0.0148518    0.0125351   0.00982832
      1.27631    0.0398072    0.0165883    0.0136767    0.0102130
      1.27696    0.0391697    0.0170655    0.0141364    0.0102446
      1.27793    0.0383687    0.0172868    0.0143025    0.0104630
      1.27889    0.0390608    0.0186138    0.0157665    0.0107417
      1.27986    0.0390153    0.0204103    0.0178365    0.0119163
      1.28083    0.0410157    0.0214028    0.0183743    0.0124886
      1.28180    0.0374803    0.0219669    0.0188295    0.0126397
      1.28276    0.0377884    0.0226081    0.0199488    0.0130579
      1.28373    0.0391262    0.0227165    0.0202219    0.0131637
      1.28470    0.0352209    0.0228691    0.0202263    0.0131191
      1.28567    0.0373054    0.0240672    0.0208936    0.0130944
      1.28663    0.0364627    0.0247745    0.0214837    0.0130368
      1.28760    0.0363217    0.0241622    0.0217536    0.0129919
      1.28857    0.0361050    0.0234051    0.0218178    0.0127920
      1.28921    0.0361276    0.0232406    0.0217354    0.0125644
      1.29018    0.0356493    0.0226742    0.0213656    0.0121808
      1.29115    0.0349664    0.0213802    0.0197774    0.0117516
      1.29211    0.0336029    0.0197873    0.0182880    0.0108543
      1.29308    0.0344380    0.0187813    0.0177404    0.0104256
      1.29405    0.0335440    0.0172964    0.0162167   0.00957449
      1.29502    0.0310785    0.0151969    0.0141103   0.00858169
      1.29598    0.0310714    0.0134612    0.0124108   0.00810583
      1.29695    0.0287286    0.0119002    0.0109990   0.00725004
      1.29792    0.0276080    0.0107291    0.0100559   0.00696479
      1.29888    0.0265325   0.00971578   0.00930633   0.00641679
      1.29985    0.0217262   0.00853058   0.00831483   0.00603020
      1.30082    0.0210552   0.00768658   0.00735007   0.00561321
      1.30146    0.0193587   0.00752911   0.00733753   0.00546789
      1.30243    0.0147047   0.00667487   0.00631254   0.00522043
      1.30340    0.0155598   0.00599705   0.00567141   0.00492169
      1.30436    0.0147228   0.00567980   0.00543618   0.00479147
      1.30533    0.0123607   0.00523376   0.00515943   0.00462024
      1.30630    0.0137590   0.00486731   0.00498747   0.00436996
      1.30727    0.0110568   0.00455191   0.00469159   0.00434638
      1.30823    0.0115352   0.00431395   0.00449365   0.00409691
      1.30920    0.0123427   0.00416758   0.00435216   0.00409825
      1.31017   0.00960963   0.00396843   0.00401525   0.00372812
      1.31113    0.0112261   0.00380073   0.00382606   0.00348009
      1.31210   0.00890546   0.00365952   0.00369674   0.00334557
      1.31307    0.0102733   0.00357380   0.00364914   0.00295627
      1.31371    0.0104194   0.00350938   0.00364193   0.00289296
      1.31468   0.00942135   0.00341226   0.00354304   0.00277068
      1.31564    0.0105006   0.00326901   0.00333948   0.00250707
      1.31661   0.00813615   0.00291737   0.00295303   0.00217925
      1.31758   0.00921434   0.00245938   0.00255189   0.00190515
      1.31854   0.00642869   0.00217041   0.00230713   0.00169942
      1.31951   0.00754635   0.00218003   0.00235830   0.00164089
      1.32047   0.00754402   0.00219204   0.00235147   0.00161538
      1.32144   0.00757071   0.00223555   0.00240896   0.00146234
      1.32241   0.00635379   0.00206679   0.00224763   0.00127848
      1.32337   0.00609809   0.00187768   0.00209241   0.00117008
      1.32434   0.00637736   0.00175121   0.00193860   0.00117194
      1.32531   0.00536005   0.00175005   0.00191136   0.00124425
      1.32595   0.00520692   0.00182855   0.00202697   0.00131543
      1.32692   0.00723218   0.00194468   0.00216417   0.00146326
      1.32788   0.00602662   0.00202594   0.00225504   0.00160771
      1.32885   0.00786699   0.00194231   0.00218732   0.00150655
      1.32982   0.00544138   0.00156235   0.00176648   0.00116134
      1.33078   0.00319472   0.00126743   0.00143243  0.000840972
      1.33175   0.00411188   0.00156325   0.00179100   0.00100848
      1.33272   0.00767200   0.00206194   0.00228619   0.00133705
      1.33368   0.00733614   0.00216908   0.00229190   0.00164611
      1.33465   0.00584389   0.00201469   0.00215252   0.00159078
      1.33562   0.00714491   0.00185891   0.00206171   0.00141793
      1.33658   0.00537940   0.00166596   0.00185469   0.00120611
      1.33755   0.00637659   0.00158497   0.00176977   0.00105386
      1.33819   0.00502520   0.00158652   0.00176640   0.00102266
      1.33916   0.00553314   0.00166597   0.00184089   0.00100298
      1.34012   0.00532603   0.00172495   0.00186912  0.000956743
      1.34109   0.00551916   0.00170346   0.00181116  0.000927667
      1.34206   0.00578204   0.00165146   0.00175569  0.000882279
      1.34302   0.00513196   0.00162617   0.00173609  0.000942961
      1.34399   0.00543446   0.00168263   0.00178808  0.000970131
      1.34495   0.00663779   0.00166835   0.00176711   0.00102775
      1.34592   0.00413720   0.00146841   0.00156963  0.000935063
      1.34689   0.00474468   0.00132748   0.00143021  0.000816988
      1.34785   0.00445494   0.00132683   0.00142505  0.000826119
      1.34882   0.00572375   0.00133026   0.00143524  0.000856376
      1.34978   0.00473214   0.00129330   0.00138636  0.000842372
      1.35043   0.00352288   0.00128449   0.00138370  0.000766382
      1.35139   0.00410271   0.00126591   0.00132117  0.000624323
      1.35236   0.00344533   0.00120883   0.00124977  0.000532609
      1.35333   0.00335311   0.00101837   0.00108374  0.000475708
      1.35429   0.00283004  0.000909097  0.000971391  0.000420422
      1.35526   0.00338123  0.000941516  0.000978925  0.000408406
      1.35622   0.00237263  0.000827044  0.000855394  0.000307591
      1.35719   0.00240023  0.000656591  0.000691523  0.000256672
      1.35816   0.00299503  0.000681734  0.000707639  0.000242457
      1.35912   0.00264720  0.000752769  0.000758698  0.000236865
      1.36009   0.00167426  0.000797749  0.000814900  0.000317346
      1.36105   0.00166876  0.000832964  0.000869166  0.000325871
      1.36202   0.00264392  0.000787694  0.000834550  0.000352494
      1.36266   0.00565139  0.000762381  0.000838797  0.000296429
      1.36363   0.00315011  0.000740247  0.000817572  0.000283354
      1.36460   0.00276608  0.000738677  0.000779817  0.000298981
      1.36556   0.00119186  0.000859928  0.000835724  0.000325543
      1.36653   0.00350590  0.000974610  0.000909247  0.000364877
      1.36749   0.00180712  0.000981522  0.000906701  0.000395184
      1.36846   0.00227583   0.00101129  0.000991020  0.000495668
      1.36943   0.00412471   0.00116791   0.00118995  0.000582818
      1.37039   0.00358714   0.00132266   0.00134387  0.000564408
      1.37136   0.00101462   0.00121052   0.00121426  0.000563268
      1.37232   0.00684785   0.00111432   0.00110777  0.000553296
      1.37329   0.00431625   0.00117777   0.00120589  0.000509239
      1.37425   0.00306083   0.00112493   0.00117074  0.000489181
      1.37490   0.00361434   0.00103898   0.00107692  0.000499834
      1.37586   0.00291113   0.00104273   0.00108555  0.000471568
      1.37683   0.00292241   0.00106989   0.00107165  0.000444655
      1.37780   0.00332290   0.00103810   0.00101759  0.000408796
      1.37876   0.00233710  0.000942511  0.000973411  0.000380723
      1.37973   0.00412027  0.000872649  0.000931569  0.000371902
      1.38069   0.00150668  0.000869909  0.000912003  0.000378743
      1.38166   0.00223376  0.000928481  0.000975064  0.000376920
      1.38262   0.00188304  0.000980415   0.00101618  0.000382171
      1.38359   0.00299861  0.000939402  0.000941909  0.000396342
      1.38456   0.00257197  0.000909050  0.000902322  0.000389985
      1.38552   0.00418462  0.000925190  0.000916217  0.000387554
      1.38649   0.00348421  0.000920602  0.000913661  0.000376441
      1.38713   0.00232096  0.000896486  0.000896186  0.000355848
      1.38810   0.00320801  0.000902652  0.000907946  0.000344879
      1.38906   0.00356962  0.000901708  0.000906820  0.000317330
      1.39003   0.00273166  0.000786630  0.000821186  0.000311313
      1.39100   0.00300767  0.000676840  0.000734190  0.000262978
      1.39196   0.00244091  0.000657947  0.000723028  0.000243726
      1.39293   0.00206115  0.000664580  0.000719166  0.000245926
      1.39389   0.00238350  0.000735359  0.000750417  0.000326307
      1.39486   0.00304151  0.000843371  0.000875161  0.000352014
      1.39583   0.00499018  0.000796740  0.000880781  0.000315136
      1.39679   0.00139371  0.000658350  0.000737754  0.000266420
      1.39776   0.00214749  0.000647866  0.000688718  0.000241556
      1.39872   0.00245294  0.000725052  0.000739333  0.000246080
      1.39937   0.00211221  0.000738816  0.000737963  0.000257883
      1.40033 -0.000854855  0.000778116  0.000756137  0.000256825
      1.40130   0.00262628  0.000713926  0.000689304  0.000221124
      1.40226   0.00286753  0.000585753  0.000608696  0.000214752
      1.40323   0.00209390  0.000543247  0.000615539  0.000240232
      1.40420   0.00172190  0.000598119  0.000667768  0.000254490
      1.40516   0.00327078  0.000632166  0.000682098  0.000236330
      1.40613   0.00233765  0.000630514  0.000679135  0.000234584
      1.40709   0.00343875  0.000644795  0.000685922  0.000246088
      1.40806   0.00308461  0.000638071  0.000661998  0.000209266
      1.40903   0.00177815  0.000629739  0.000639873  0.000214636
      1.40990   0.00311581  0.000662502  0.000694163  0.000267949
      1.41112   0.00247546  0.000678894  0.000738211  0.000275809
      1.41194   0.00272967  0.000691617  0.000754733  0.000293740
      1.41316   0.00304688  0.000850344  0.000892155  0.000434145
      1.41437   0.00507502   0.00107639   0.00110438  0.000514342
      1.41559   0.00382992   0.00111802   0.00114733  0.000549774
      1.41681   0.00462562   0.00115381   0.00116933  0.000634653
      1.41803   0.00407801   0.00120617   0.00122170  0.000679907
      1.41925   0.00515637   0.00131437   0.00131048  0.000808617
      1.42047   0.00463915   0.00140711   0.00137961  0.000869562
      1.42168   0.00509636   0.00140991   0.00140517  0.000922209
      1.42290   0.00569621   0.00145675   0.00147052  0.000979678
      1.42412   0.00512705   0.00138945   0.00142310  0.000841831
      1.42534   0.00487540   0.00136332   0.00135323  0.000994348
      1.42656   0.00645218   0.00166931   0.00161004   0.00114203
      1.42737   0.00618588   0.00168193   0.00160639   0.00117140
      1.42859   0.00564399   0.00158891   0.00151015   0.00109008
      1.42981   0.00604562   0.00163991   0.00158343   0.00107551
      1.43102   0.00578241   0.00166038   0.00161788   0.00128385
      1.43224   0.00542532   0.00164806   0.00163148   0.00121605
      1.43346   0.00583462   0.00164720   0.00161844   0.00126425
      1.43467   0.00652726   0.00178860   0.00172661   0.00138699
      1.43589   0.00604690   0.00176642   0.00168877   0.00151402
      1.43711   0.00591002   0.00165659   0.00158808   0.00127254
      1.43833   0.00565445   0.00162376   0.00156107   0.00122766
      1.43954   0.00672150   0.00170578   0.00166781   0.00137728
      1.44076   0.00606513   0.00163187   0.00157244   0.00132780
      1.44198   0.00614994   0.00160987   0.00153248   0.00121198
      1.44279   0.00614353   0.00159856   0.00156863   0.00135876
      1.44400   0.00596827   0.00156810   0.00158297   0.00124035
      1.44522   0.00648906   0.00158688   0.00158510   0.00130405
      1.44644   0.00625515   0.00160586   0.00157653   0.00133273
      1.44765   0.00624322   0.00149902   0.00146424   0.00121551
      1.44887   0.00587718   0.00149909   0.00147765   0.00116202
      1.45009   0.00631107   0.00161606   0.00155414   0.00133526
      1.45130   0.00577013   0.00160662   0.00152471   0.00116219
      1.45252   0.00608241   0.00148590   0.00144428   0.00114398
      1.45373   0.00579787   0.00156211   0.00152316   0.00123043
      1.45495   0.00635589   0.00158943   0.00155149   0.00128982
      1.45617   0.00635342   0.00160373   0.00158485   0.00137419
      1.45738   0.00670173   0.00161246   0.00162489   0.00133648
      1.45819   0.00598545   0.00161478   0.00165151   0.00131426
      1.45941   0.00725443   0.00165547   0.00168448   0.00140003
      1.46062   0.00696984   0.00179021   0.00180139   0.00137303
      1.46184   0.00778065   0.00188410   0.00187433   0.00165671
      1.46305   0.00665021   0.00187340   0.00187214   0.00164781
      1.46427   0.00770568   0.00191967   0.00193230   0.00176081
      1.46548   0.00701905   0.00195169   0.00197037   0.00171312
      1.46670   0.00727915   0.00184195   0.00186142   0.00166030
      1.46792   0.00712218   0.00196071   0.00199743   0.00183849
      1.46913   0.00832725   0.00219092   0.00220052   0.00197281
      1.47035   0.00782277   0.00214304   0.00212994   0.00176067
      1.47156   0.00708831   0.00166391   0.00167764   0.00136821
      1.47277   0.00627439   0.00150671   0.00157648   0.00122678
      1.47359   0.00590974   0.00149406   0.00156171   0.00112174
      1.47480   0.00647449   0.00160214   0.00166907   0.00114322
      1.47601   0.00691042   0.00175416   0.00175396   0.00142333
      1.47723   0.00676885   0.00176726   0.00171211   0.00140577
      1.47844   0.00509988   0.00157326   0.00156041   0.00108934
      1.47966   0.00719648   0.00169854   0.00173789   0.00144138
      1.48087   0.00731809   0.00190386   0.00191122   0.00172315
      1.48209   0.00788686   0.00196164   0.00196103   0.00182325
      1.48330   0.00746165   0.00194787   0.00193400   0.00174631
      1.48451   0.00796895   0.00220653   0.00224770   0.00188251
      1.48573   0.00827722   0.00228436   0.00231623   0.00207901
      1.48694   0.00900783   0.00238869   0.00239609   0.00213047
      1.48816   0.00806895   0.00255160   0.00252326   0.00246502
      1.48937    0.0100132   0.00267316   0.00264578   0.00245459
      1.49018   0.00967765   0.00268554   0.00265801   0.00244076
      1.49139   0.00935441   0.00263877   0.00261547   0.00262550
      1.49261    0.0101839   0.00277519   0.00284202   0.00277144
      1.49382    0.0104128   0.00282418   0.00285821   0.00287520
      1.49503   0.00993000   0.00273666   0.00269145   0.00265499
      1.49625   0.00892040   0.00252433   0.00247917   0.00249059
      1.49746   0.00863068   0.00241137   0.00236849   0.00244040
      1.49867   0.00997025   0.00289687   0.00284718   0.00266440
      1.49989    0.0133968   0.00295249   0.00297643   0.00279749
      1.50110   0.00992573   0.00271402   0.00275850   0.00265145
      1.50231   0.00946628   0.00254844   0.00256831   0.00258176
      1.50353   0.00941699   0.00238612   0.00245504   0.00245767
      1.50474   0.00905499   0.00236692   0.00245244   0.00238206
      1.50555   0.00863590   0.00236149   0.00239959   0.00233914
      1.50676    0.0100050   0.00249171   0.00252219   0.00243004
      1.50797    0.0109622   0.00260761   0.00267188   0.00254225
      1.50918   0.00925014   0.00258657   0.00266886   0.00252099
      1.51040    0.0116517   0.00267159   0.00276772   0.00260386
      1.51161    0.0107320   0.00262844   0.00263791   0.00254230
      1.51282   0.00896454   0.00256775   0.00259237   0.00241245
      1.51404    0.0115200   0.00274141   0.00279229   0.00252559
      1.51525    0.0132403   0.00292140   0.00295823   0.00276123
      1.51646    0.0123267   0.00307754   0.00314479   0.00275415
      1.51767    0.0136059   0.00307645   0.00316022   0.00269364
      1.51889    0.0132282   0.00303362   0.00307278   0.00267693
      1.52010    0.0128420   0.00307289   0.00315397   0.00273682
      1.52091    0.0159127   0.00308800   0.00320356   0.00285761
      1.52212    0.0122993   0.00311946   0.00326128   0.00287008
      1.52333    0.0177301   0.00317776   0.00337503   0.00281603
      1.52454    0.0136783   0.00321274   0.00336162   0.00287265
      1.52575    0.0167717   0.00340415   0.00348293   0.00291128
      1.52697    0.0147395   0.00343384   0.00347500   0.00303849
      1.52818    0.0139736   0.00324154   0.00331557   0.00296412
      1.52939    0.0118927   0.00319323   0.00316995   0.00278023
      1.53060    0.0200200   0.00383426   0.00410672   0.00308654
      1.53181    0.0248697   0.00407897   0.00437449   0.00348530
      1.53302    0.0198294   0.00407041   0.00444126   0.00361502
      1.53423    0.0218852   0.00401998   0.00441856   0.00342360
      1.53545    0.0251895   0.00382617   0.00412942   0.00320159
      1.53625    0.0188203   0.00368921   0.00393659   0.00315534
      1.53746    0.0193851   0.00365037   0.00390868   0.00327155
      1.53868    0.0214556   0.00348500   0.00370291   0.00332492
      1.53989    0.0155362   0.00349476   0.00368981   0.00311853
      1.54110    0.0259887   0.00380795   0.00413873   0.00324143
      1.54231    0.0230930   0.00377013   0.00416365   0.00340803
      1.54352    0.0167673   0.00331296   0.00356472   0.00308668
      1.54473    0.0153038   0.00329113   0.00361386   0.00316117
      1.54594    0.0217902   0.00355001   0.00397801   0.00321421
      1.54715    0.0255928   0.00365755   0.00407324   0.00329500
      1.54836    0.0169362   0.00352198   0.00380998   0.00367649
      1.54957    0.0290806   0.00408778   0.00508146   0.00427079
      1.55079    0.0251985   0.00414165   0.00474899   0.00402492
      1.55159    0.0229704   0.00401054   0.00428252   0.00391094
      1.55280    0.0236889   0.00395888   0.00426396   0.00366799
      1.55401    0.0244122   0.00373443   0.00408342   0.00321510
      1.55522    0.0139856   0.00320010   0.00360702   0.00294812
      1.55643    0.0153639   0.00317331   0.00355228   0.00298667
      1.55764    0.0248320   0.00436860   0.00493913   0.00337681
      1.55886    0.0252099   0.00415610   0.00450739   0.00345407
      1.56007    0.0186658   0.00354940   0.00378992   0.00297922
      1.56128    0.0191003   0.00321099   0.00347180   0.00286245
      1.56249    0.0137159   0.00300357   0.00319177   0.00264314
      1.56370    0.0127341   0.00280061   0.00282240   0.00256859
      1.56491    0.0166711   0.00299136   0.00312665   0.00285359
      1.56612    0.0188661   0.00322642   0.00341479   0.00313454
      1.56692    0.0188142   0.00333681   0.00356766   0.00318504
      1.56813    0.0204010   0.00337596   0.00356875   0.00317242
      1.56934    0.0155287   0.00338257   0.00345677   0.00312823
      1.57055    0.0220248   0.00383227   0.00419733   0.00350156
      1.57176    0.0255163   0.00437668   0.00495685   0.00406797
      1.57297    0.0272704   0.00511887   0.00617186   0.00484937
      1.57418    0.0304603   0.00577567   0.00705790   0.00494465
      1.57539    0.0296552   0.00620888   0.00736318   0.00515561
      1.57660    0.0308213   0.00685288   0.00818431   0.00522451
      1.57781    0.0300406   0.00668849   0.00843454   0.00556691
      1.57902    0.0306377   0.00632896   0.00887247   0.00562548
      1.58023    0.0268185   0.00590628   0.00865291   0.00570581
      1.58144    0.0277107   0.00558536   0.00819477   0.00558126
      1.58225    0.0256380   0.00559137   0.00818850   0.00552102
      1.58346    0.0287469   0.00586218   0.00855774   0.00558999
      1.58467    0.0292172   0.00650285    0.0106457   0.00584849
      1.58588    0.0287196   0.00629999    0.0102132   0.00593299
      1.58708    0.0276557   0.00577989   0.00888241   0.00559217
      1.58829    0.0246425   0.00545092   0.00830805   0.00560864
      1.58950    0.0259533   0.00610854   0.00966772   0.00570456
      1.59071    0.0275482   0.00627462   0.00986917   0.00589847
      1.59192    0.0275677   0.00608102   0.00985674   0.00584814
      1.59313    0.0263005   0.00584930   0.00935139   0.00560659
      1.59434    0.0246502   0.00570745   0.00859522   0.00553856
      1.59555    0.0259558   0.00566597   0.00925228   0.00562026
      1.59676    0.0239781   0.00531028   0.00884779   0.00529198
      1.59756    0.0240256   0.00491123   0.00754364   0.00514528
      1.59877    0.0228138   0.00473513   0.00727524   0.00467922
      1.59998    0.0244222   0.00467977   0.00756860   0.00499697
      1.60119    0.0207830   0.00448961   0.00696632   0.00457909
      1.60240    0.0210544   0.00439004   0.00615630   0.00383133
      1.60361    0.0205350   0.00453286   0.00562361   0.00376494
      1.60482    0.0198258   0.00497255   0.00545215   0.00365015
      1.60602    0.0186565   0.00530072   0.00495205   0.00318063
      1.60723    0.0151727   0.00504236   0.00430455   0.00312532
      1.60844    0.0170188   0.00462469   0.00391663   0.00288542
      1.60965    0.0141432   0.00438359   0.00367985   0.00268739
      1.61086    0.0132058   0.00389224   0.00337389   0.00236962
      1.61207    0.0120933   0.00350066   0.00305306   0.00231879
      1.61287    0.0109567   0.00330437   0.00293078   0.00229313
      1.61408    0.0116578   0.00298836   0.00284271   0.00200685
      1.61529   0.00995094   0.00263608   0.00261034   0.00185871
      1.61650   0.00895279   0.00228512   0.00226443   0.00182059
      1.61771   0.00834697   0.00211386   0.00212091   0.00162049
      1.61891   0.00825714   0.00200494   0.00206839   0.00147872
      1.62012   0.00737754   0.00189187   0.00195791   0.00145969
      1.62133   0.00739209   0.00175898   0.00178989   0.00138526
      1.62254   0.00734690   0.00158850   0.00168937   0.00123927
      1.62375   0.00666538   0.00146580   0.00155834   0.00113868
      1.62496   0.00685779   0.00139927   0.00145373   0.00101010
      1.62617   0.00656989   0.00130961   0.00136749  0.000961805
      1.62737   0.00549001   0.00120547   0.00127007  0.000915846
      1.62818   0.00637662   0.00116555   0.00122135  0.000881797
      1.62939   0.00571703   0.00109540   0.00116391  0.000820325
      1.63059   0.00485949  0.000930287  0.000997210  0.000653582
      1.63180   0.00524166  0.000841682  0.000918174  0.000499097
      1.63301   0.00425319  0.000741402  0.000823672  0.000472876
      1.63422   0.00444663  0.000705220  0.000797107  0.000471327
      1.63543   0.00496640  0.000709385  0.000813604  0.000434548
      1.63663   0.00340835  0.000590888  0.000692410  0.000353000
      1.63784   0.00369899  0.000606632  0.000717936  0.000406850
      1.63905   0.00436917  0.000602006  0.000717443  0.000406568
      1.64026   0.00284015  0.000538031  0.000647125  0.000404422
      1.64146   0.00512175  0.000603499  0.000725069  0.000416923
      1.64267   0.00317895  0.000585892  0.000696145  0.000415627
      1.64348   0.00318102  0.000585059  0.000694760  0.000405668
      1.64469   0.00516627  0.000602696  0.000720396  0.000377599
      1.64589   0.00245334  0.000516511  0.000623548  0.000312505
      1.64710   0.00410425  0.000460691  0.000573573  0.000189065
      1.64831   0.00131750  0.000339553  0.000434979  0.000159207
      1.64952   0.00217516  0.000253986  0.000345601  9.97927e-05
      1.65072   0.00153167  0.000267371  0.000360100  0.000123168
      1.65193   0.00304496  0.000365163  0.000479900  0.000136791
      1.65314   0.00247553  0.000374296  0.000495672  0.000141575
      1.65435   0.00210666  0.000292081  0.000391788  0.000128137
      1.65555   0.00274396  0.000305032  0.000412594  0.000141603
      1.65676   0.00159102  0.000358634  0.000472439  0.000179956
      1.65797   0.00418305  0.000414814  0.000543959  0.000193003
      1.65877   0.00231706  0.000365564  0.000470258  0.000192556
      1.65998   0.00277344  0.000367535  0.000469983  0.000179308
      1.66119   0.00314598  0.000407495  0.000522355  0.000202164
      1.66240   0.00159634  0.000360079  0.000462011  0.000178972
      1.66360   0.00345402  0.000378572  0.000490844  0.000191567
      1.66481   0.00215211  0.000269286  0.000353811  0.000101773
      1.66602   0.00149295  0.000248876  0.000328951  0.000145281
      1.66723   0.00324547  0.000389340  0.000493933  0.000194685
      1.66843   0.00305338  0.000519610  0.000635298  0.000339759
      1.66964   0.00419306  0.000521327  0.000631930  0.000320604
      1.67085   0.00248648  0.000454732  0.000553099  0.000260855
      1.67205   0.00398757  0.000545870  0.000649563  0.000339600
      1.67326   0.00429477  0.000600223  0.000710910  0.000305848
      1.67407   0.00256069  0.000532792  0.000630692  0.000305039
      1.67527   0.00384945  0.000551623  0.000655152  0.000307385
      1.67648   0.00438085  0.000623484  0.000738832  0.000323129
      1.67769   0.00253380  0.000548472  0.000639149  0.000327855
      1.67889   0.00449895  0.000634697  0.000740683  0.000467133
      1.68010   0.00499563  0.000675530  0.000780704  0.000404948
      1.68131   0.00410300  0.000672954  0.000747558  0.000422012
      1.68252   0.00510074  0.000789705  0.000872126  0.000489492
      1.68372   0.00394330  0.000705281  0.000777423  0.000519691
      1.68493   0.00441795  0.000694948  0.000765016  0.000434387
      1.68614   0.00537261  0.000752468  0.000822290  0.000466394
      1.68734   0.00418868  0.000737305  0.000814388  0.000455952
      1.68855   0.00419427  0.000632989  0.000714677  0.000448866
      1.68936   0.00425613  0.000621192  0.000713262  0.000436552
      1.69056   0.00352965  0.000568256  0.000657019  0.000393712
      1.69177   0.00395297  0.000523897  0.000616387  0.000304136
      1.69298   0.00363564  0.000483399  0.000582617  0.000232730
      1.69418   0.00283547  0.000424823  0.000527879  0.000230478
      1.69539   0.00301757  0.000394693  0.000502805  0.000233805
      1.69660   0.00322784  0.000390717  0.000500606  0.000242794
      1.69780   0.00238509  0.000353674  0.000461378  0.000227517
      1.69901   0.00312701  0.000361368  0.000474390  0.000217731
      1.70022   0.00324896  0.000378998  0.000488204  0.000213452
      1.70142   0.00229561  0.000360640  0.000474040  0.000192773
      1.70263   0.00153178  0.000278999  0.000372474  0.000138069
      1.70384   0.00204895  0.000232314  0.000332599  0.000120983
      1.70464   0.00173060  0.000187866  0.000278542  9.30705e-05
      1.70585   0.00151848  0.000159266  0.000244646  5.23128e-05
      1.70706   0.00129964  0.000138439  0.000214686  4.80371e-05
      1.70826  0.000883318  0.000109131  0.000171845  4.14128e-05
      1.70947   0.00120988  0.000105602  0.000163662  3.86935e-05
      1.71068  0.000745476  0.000139761  0.000208194  5.43808e-05
      1.71188   0.00165456  0.000164978  0.000234516  7.32933e-05
      1.71309   0.00145656  0.000159332  0.000228260  7.47500e-05
      1.71430   0.00164705  0.000175825  0.000237325  9.06912e-05
      1.71551   0.00191968  0.000259093  0.000335291  0.000123879
      1.71671   0.00185184  0.000243029  0.000317751  0.000132533
      1.71792   0.00192120  0.000224477  0.000303173  0.000115652
      1.71913   0.00202300  0.000203696  0.000285867  8.42128e-05
      1.71993   0.00130860  0.000163360  0.000238198  8.40475e-05
      1.72114   0.00118873  0.000136341  0.000209913  5.77374e-05
      1.72234  0.000929181  0.000133463  0.000205661  5.17963e-05
      1.72355  0.000796491  0.000149828  0.000219501  5.44455e-05
      1.72476   0.00150973  0.000181941  0.000257496  7.02102e-05
      1.72596   0.00114728  0.000207797  0.000286302  7.52407e-05
      1.72717   0.00159200  0.000233477  0.000309027  8.97976e-05
      1.72838   0.00188967  0.000288992  0.000347638  0.000133988
      1.72958   0.00258259  0.000382682  0.000444860  0.000161908
      1.73079   0.00177428  0.000356509  0.000420204  0.000187957
      1.73200   0.00234595  0.000414857  0.000474499  0.000189153
      1.73320   0.00376718  0.000527828  0.000571216  0.000257971
      1.73441   0.00301456  0.000524499  0.000572834  0.000257536
      1.73521   0.00362077  0.000495155  0.000547714  0.000271363
      1.73642   0.00404969  0.000568655  0.000615976  0.000349125
      1.73763   0.00449946  0.000638293  0.000678338  0.000379698
      1.73883   0.00442736  0.000614455  0.000663904  0.000339582
      1.74004   0.00400479  0.000625493  0.000693960  0.000404587
      1.74125   0.00460851  0.000672512  0.000738104  0.000424307
      1.74246   0.00509588  0.000706634  0.000752625  0.000461263
      1.74366   0.00402742  0.000669517  0.000703703  0.000433063
      1.74487   0.00452720  0.000700711  0.000736078  0.000477689
      1.74608   0.00487621  0.000737881  0.000772577  0.000509555
      1.74728   0.00393901  0.000677844  0.000722770  0.000458842
      1.74849   0.00371394  0.000553875  0.000609390  0.000329732
      1.74970   0.00400038  0.000553220  0.000613129  0.000342227
      1.75050   0.00472811  0.000625913  0.000682612  0.000390808
      1.75171   0.00441160  0.000612014  0.000660943  0.000431360
      1.75292   0.00387458  0.000523433  0.000578760  0.000354793
      1.75412   0.00263050  0.000420946  0.000484386  0.000227914
      1.75533   0.00283765  0.000405656  0.000464965  0.000239324
      1.75654   0.00391701  0.000545766  0.000606271  0.000326972
      1.75774   0.00419348  0.000533817  0.000587557  0.000378129
      1.75895   0.00356296  0.000445656  0.000509734  0.000275030
      1.76016   0.00228640  0.000398371  0.000462753  0.000297899
      1.76136   0.00419522  0.000443128  0.000507086  0.000314539
      1.76257   0.00294811  0.000447246  0.000500550  0.000309262
      1.76378   0.00347651  0.000429180  0.000482864  0.000279961
      1.76498   0.00264256  0.000364952  0.000423852  0.000225098
      1.76579   0.00279380  0.000319352  0.000379297  0.000223585
      1.76699   0.00307923  0.000322599  0.000382709  0.000185052
      1.76820   0.00240504  0.000319000  0.000372207  0.000177936
      1.76941   0.00229930  0.000299623  0.000359426  0.000163073
      1.77061   0.00210696  0.000238414  0.000309611  0.000126128
      1.77182   0.00203460  0.000210655  0.000287972  0.000115544
      1.77303   0.00213373  0.000228301  0.000305892  0.000120341
      1.77424   0.00224842  0.000222069  0.000288584  8.49068e-05
      1.77544   0.00125508  0.000177286  0.000228498  7.70386e-05
      1.77665   0.00194291  0.000172409  0.000229605  8.19684e-05
      1.77786   0.00123121  0.000175291  0.000232460  9.18573e-05
      1.77906   0.00239719  0.000224844  0.000292339  0.000106976
      1.78027   0.00212520  0.000249642  0.000318481  0.000114254
      1.78108   0.00186176  0.000241037  0.000300385  0.000135575
      1.78228   0.00248829  0.000241441  0.000301099  0.000120320
      1.78349   0.00157881  0.000214124  0.000269793  0.000105399
      1.78470   0.00145537  0.000213676  0.000261665  0.000110529
      1.78590   0.00261819  0.000257300  0.000319662  0.000117789
      1.78711   0.00299024  0.000293102  0.000364100  0.000180006
      1.78832   0.00272414  0.000301649  0.000380602  0.000161905
      1.78953   0.00141391  0.000149426  0.000194481  9.14127e-05
      1.79073  0.000733297  0.000151649  0.000205861  6.38535e-05
      1.79194   0.00230040  0.000245847  0.000303705  0.000103729
      1.79315   0.00279371  0.000345938  0.000392419  0.000206267
      1.79435   0.00309090  0.000412449  0.000454487  0.000220149
      1.79556   0.00342001  0.000365216  0.000416447  0.000247795
      1.79637   0.00270145  0.000361369  0.000415503  0.000239451
      1.79757   0.00290596  0.000379535  0.000414148  0.000208216
      1.79878   0.00355115  0.000377240  0.000420754  0.000194063
      1.79999   0.00280114  0.000417490  0.000457076  0.000271498
      1.80120   0.00429849  0.000518572  0.000551205  0.000299096
      1.80240   0.00395089  0.000511442  0.000551854  0.000291929
      1.80361   0.00287633  0.000447129  0.000483822  0.000280291
      1.80482   0.00428210  0.000490647  0.000543521  0.000283728
      1.80602   0.00391488  0.000467646  0.000518923  0.000225425
      1.80723   0.00392571  0.000448752  0.000484884  0.000252967
      1.80844   0.00456203  0.000516942  0.000547962  0.000348258
      1.80965   0.00437578  0.000567478  0.000601894  0.000379110
      1.81085   0.00499867  0.000581346  0.000584493  0.000343797
      1.81166   0.00421722  0.000595557  0.000610149  0.000334344
      1.81287   0.00377603  0.000560028  0.000586382  0.000334667
      1.81407   0.00458993  0.000558135  0.000571679  0.000338363
      1.81528   0.00460321  0.000647983  0.000640307  0.000452025
      1.81649   0.00540945  0.000743406  0.000737111  0.000581700
      1.81770   0.00634685  0.000731672  0.000749127  0.000566211
      1.88101   0.00454730  0.000600991  0.000594877  0.000578681
      1.88264   0.00425961  0.000601871  0.000588595  0.000577228
      1.88426   0.00594170  0.000601988  0.000592555  0.000575340
      1.88589   0.00439042  0.000587833  0.000585693  0.000569921
      1.88751   0.00453865  0.000585633  0.000584513  0.000569474
      1.88914   0.00460128  0.000582210  0.000581793  0.000569127
      1.89076   0.00531930  0.000572186  0.000571381  0.000560594
      1.89185   0.00434407  0.000563658  0.000565092  0.000551644
      1.89347   0.00434821  0.000563293  0.000564095  0.000552336
      1.89510   0.00474194  0.000566221  0.000567833  0.000541594
      1.89672   0.00448232  0.000526206  0.000529747  0.000527358
      1.89834   0.00440914  0.000523322  0.000528660  0.000524051
      1.89997   0.00377147  0.000533515  0.000537841  0.000528583
      1.90159   0.00435660  0.000501757  0.000508756  0.000510261
      1.90322   0.00683806  0.000495251  0.000501052  0.000485504
      1.90484   0.00585841  0.000505767  0.000510298  0.000491701
      1.90646   0.00351733  0.000494811  0.000501095  0.000466646
      1.90809   0.00417738  0.000452778  0.000460840  0.000440606
      1.90971   0.00436352  0.000460913  0.000468921  0.000444350
      1.91133   0.00409622  0.000444267  0.000452330  0.000428934
      1.91242   0.00372746  0.000415389  0.000426146  0.000390252
      1.91404   0.00548048  0.000400319  0.000415492  0.000376425
      1.91566   0.00403558  0.000405924  0.000419040  0.000393841
      1.91728   0.00412225  0.000396560  0.000408332  0.000406082
      1.91891   0.00434330  0.000403913  0.000413557  0.000379969
      1.92053   0.00580024  0.000387336  0.000397135  0.000354830
      1.92215   0.00383991  0.000370118  0.000382992  0.000333339
      1.92377   0.00347944  0.000331218  0.000350037  0.000322369
      1.92540   0.00365151  0.000324597  0.000344887  0.000286225
      1.92702   0.00344916  0.000337110  0.000355177  0.000288322
      1.92864   0.00364222  0.000361240  0.000371705  0.000337796
      1.93026   0.00401241  0.000367639  0.000374269  0.000365104
      1.93189   0.00378579  0.000348794  0.000355746  0.000349136
      1.93297   0.00402511  0.000347107  0.000354860  0.000344224
      1.93459   0.00369560  0.000347473  0.000351930  0.000345725
      1.93621   0.00363814  0.000353142  0.000355426  0.000334502
      1.93783   0.00340066  0.000338907  0.000344296  0.000340757
      1.93945   0.00326773  0.000339108  0.000341318  0.000345941
      1.94107   0.00364020  0.000338082  0.000341809  0.000312086
      1.94269   0.00330329  0.000295316  0.000305110  0.000296458
      1.94431   0.00338493  0.000291348  0.000300206  0.000288236
      1.94594   0.00334544  0.000303292  0.000308292  0.000285891
      1.94756   0.00311243  0.000287280  0.000292934  0.000276108
      1.94918   0.00309257  0.000293026  0.000296040  0.000292115
      1.95080   0.00312708  0.000302912  0.000303743  0.000299655
      1.95242   0.00329321  0.000295346  0.000296677  0.000293437
      1.95350   0.00265458  0.000275578  0.000278355  0.000285487
      1.95512   0.00287656  0.000270702  0.000273260  0.000269253
      1.95674   0.00281054  0.000275070  0.000275991  0.000273159
      1.95836   0.00314707  0.000272895  0.000272524  0.000268736
      1.95998   0.00286755  0.000262320  0.000262983  0.000262868
      1.96160   0.00284538  0.000258363  0.000260216  0.000258006
      1.96322   0.00267052  0.000251105  0.000253338  0.000251405
      1.96484   0.00279034  0.000243825  0.000246243  0.000239280
      1.96645   0.00287406  0.000244549  0.000246547  0.000245594
      1.96808   0.00287385  0.000247640  0.000248451  0.000247131
      1.96969   0.00282238  0.000242902  0.000243885  0.000246376
      1.97131   0.00277675  0.000246650  0.000247074  0.000246109
      1.97293   0.00265247  0.000245503  0.000245882  0.000246335
      1.97455   0.00278898  0.000246580  0.000246677  0.000244608
      1.97563   0.00279024  0.000245132  0.000245204  0.000244528
      1.97725   0.00289746  0.000245766  0.000245601  0.000244598
      1.97887   0.00293226  0.000247019  0.000246994  0.000245344
      1.98049   0.00302752  0.000245388  0.000245579  0.000244715
      1.98211   0.00296967  0.000242863  0.000243259  0.000241211
      1.98372   0.00302887  0.000242650  0.000242999  0.000241552
      1.98534   0.00294743  0.000241747  0.000241564  0.000240392
      1.98696   0.00292461  0.000239352  0.000239304  0.000238629
      1.98858   0.00297374  0.000235382  0.000235892  0.000235752
      1.99020   0.00291792  0.000231287  0.000231673  0.000232079
      1.99181   0.00281085  0.000230531  0.000230636  0.000229881
      1.99343   0.00276882  0.000227272  0.000227124  0.000226671
      1.99505   0.00282326  0.000223726  0.000223664  0.000223340
      1.99613   0.00289935  0.000221196  0.000221367  0.000221016
      1.99775   0.00267517  0.000217024  0.000216954  0.000216769
      1.99936   0.00269256  0.000213481  0.000213651  0.000213137
      2.00098   0.00240551  0.000210166  0.000210175  0.000209594
      2.00260   0.00254368  0.000206433  0.000206399  0.000206204
      2.00421   0.00223441  0.000202770  0.000202775  0.000202592
      2.00583   0.00244286  0.000198997  0.000198949  0.000198703
      2.00745   0.00228983  0.000195214  0.000195259  0.000195029
      2.00906   0.00254022  0.000191587  0.000191591  0.000191306
      2.01068   0.00234227  0.000187911  0.000187895  0.000187721
      2.01230   0.00243695  0.000184305  0.000184315  0.000184181
      2.01392   0.00221311  0.000180657  0.000180608  0.000180483
      2.01553   0.00234816  0.000177080  0.000177092  0.000176947
      2.01661   0.00220377  0.000174718  0.000174716  0.000174544
      2.01823   0.00207819  0.000171091  0.000171102  0.000170923
      2.01984   0.00240639  0.000167662  0.000167679  0.000167585
      2.02146   0.00225469  0.000164186  0.000164106  0.000164028
      2.02307   0.00206227  0.000160671  0.000160654  0.000160580
      2.02469   0.00197206  0.000157238  0.000157269  0.000157189
      2.02631   0.00203214  0.000153781  0.000153769  0.000153710
      2.02792   0.00180650  0.000150413  0.000150473  0.000150416
      2.02954   0.00200203  0.000147169  0.000147049  0.000147000
      2.03115   0.00194939  0.000143709  0.000143729  0.000143685
      2.03277   0.00185296  0.000140450  0.000140501  0.000140480
      2.03438   0.00174489  0.000137206  0.000137135  0.000137105
      2.03600   0.00172323  0.000133853  0.000133945  0.000133914
      2.03708   0.00161224  0.000131882  0.000131810  0.000131782
      2.03869   0.00151792  0.000128623  0.000128550  0.000128526
      2.04031   0.00167269  0.000125376  0.000125462  0.000125449
      2.04192   0.00159066  0.000122384  0.000122331  0.000122311
      2.04354   0.00152156  0.000119247  0.000119265  0.000119240
      2.04515   0.00136370  0.000116364  0.000116373  0.000116349
      2.04677   0.00140498  0.000113398  0.000113401  0.000113381
      2.04838   0.00139883  0.000110655  0.000110636  0.000110616
      2.05000   0.00124120  0.000107944  0.000107975  0.000107961
      2.05161   0.00140144  0.000105488  0.000105454  0.000105439
      2.05323   0.00132877  0.000103062  0.000103060  0.000103045
      2.05484   0.00123788  0.000100939  0.000100943  0.000100930
      2.05646  0.000970384  9.89295e-05  9.89342e-05  9.89219e-05
      2.05753   0.00121111  9.76429e-05  9.76586e-05  9.76493e-05
      2.05915   0.00114992  9.60286e-05  9.60058e-05  9.59970e-05
      2.06076   0.00119339  9.44730e-05  9.44385e-05  9.44277e-05
      2.06238   0.00113368  9.28116e-05  9.29296e-05  9.29190e-05
      2.06399   0.00112856  9.16804e-05  9.15024e-05  9.14930e-05
      2.06560   0.00115602  9.00382e-05  9.01280e-05  9.01178e-05
      2.06722   0.00107193  8.86060e-05  8.86113e-05  8.86002e-05
      2.06883   0.00108581  8.70814e-05  8.70755e-05  8.70700e-05
      2.07045   0.00112753  8.56142e-05  8.55849e-05  8.55778e-05
      2.07206  0.000943575  8.37458e-05  8.37476e-05  8.37421e-05
      2.07367  0.000974942  8.20023e-05  8.20068e-05  8.20005e-05
      2.07529  0.000948620  8.01676e-05  8.01681e-05  8.01642e-05
      2.07690  0.000959231  7.81879e-05  7.81730e-05  7.81678e-05
      2.07798  0.000949209  7.68569e-05  7.69022e-05  7.68962e-05
      2.07959  0.000878463  7.49952e-05  7.49467e-05  7.49418e-05
      2.08120  0.000919675  7.28581e-05  7.28654e-05  7.28602e-05
      2.08282  0.000871937  7.09064e-05  7.09200e-05  7.09133e-05
      2.08443  0.000894037  6.89243e-05  6.88803e-05  6.88734e-05
      2.08604  0.000920809  6.68559e-05  6.68847e-05  6.68795e-05
      2.08766  0.000762570  6.50360e-05  6.50201e-05  6.50160e-05
      2.08927  0.000733362  6.30527e-05  6.30619e-05  6.30614e-05
      2.09088  0.000760993  6.12557e-05  6.12521e-05  6.12503e-05
      2.09249  0.000764407  5.95892e-05  5.95450e-05  5.95423e-05
      2.09411  0.000740450  5.78623e-05  5.78846e-05  5.78775e-05
      2.09572  0.000577791  5.63647e-05  5.63448e-05  5.63400e-05
      2.09733  0.000662899  5.49606e-05  5.49620e-05  5.49571e-05
      2.09841  0.000676403  5.41084e-05  5.41092e-05  5.41042e-05
      2.10002  0.000560683  5.29029e-05  5.28988e-05  5.28926e-05
      2.10163  0.000566886  5.19033e-05  5.18930e-05  5.18871e-05
      2.10325  0.000583359  5.10639e-05  5.10634e-05  5.10578e-05
      2.10486  0.000579694  5.02746e-05  5.02692e-05  5.02626e-05
      2.10647  0.000495573  4.97424e-05  4.97395e-05  4.97341e-05
      2.10808  0.000519354  4.92830e-05  4.93015e-05  4.92956e-05
      2.10970  0.000569310  4.89038e-05  4.88663e-05  4.88622e-05
      2.11131  0.000552996  4.87480e-05  4.87580e-05  4.87524e-05
      2.11292  0.000562845  4.86451e-05  4.86491e-05  4.86447e-05
      2.11453  0.000506538  4.86119e-05  4.86181e-05  4.86134e-05
      2.11614  0.000601033  4.88799e-05  4.88478e-05  4.88459e-05
      2.11776  0.000609593  4.90563e-05  4.90831e-05  4.90808e-05
      2.11883  0.000547064  4.92811e-05  4.92752e-05  4.92737e-05
      2.12044  0.000472925  4.98340e-05  4.98194e-05  4.98183e-05
      2.12206  0.000589198  5.03725e-05  5.03975e-05  5.03930e-05
      2.12367  0.000748289  5.10672e-05  5.10411e-05  5.10399e-05
      2.12528  0.000619809  5.18231e-05  5.18225e-05  5.18196e-05
      2.12689  0.000543879  5.26437e-05  5.26411e-05  5.26465e-05
      2.12850  0.000710369  5.34369e-05  5.34444e-05  5.34481e-05
      2.13011  0.000744381  5.42462e-05  5.42320e-05  5.42257e-05
      2.13173  0.000775283  5.50393e-05  5.50464e-05  5.50398e-05
      2.13334  0.000869752  5.56163e-05  5.56214e-05  5.56166e-05
      2.13495  0.000763806  5.60792e-05  5.60551e-05  5.61043e-05
      2.13656  0.000664011  5.65277e-05  5.64431e-05  5.64677e-05
      2.13817  0.000875463  5.66003e-05  5.65102e-05  5.65089e-05
      2.13925  0.000800376  5.67330e-05  5.66419e-05  5.65214e-05
      2.14086  0.000753515  5.66944e-05  5.66403e-05  5.61223e-05
      2.14247  0.000757984  5.61877e-05  5.61456e-05  5.57256e-05
      2.14408  0.000908184  5.54506e-05  5.53634e-05  5.52951e-05
      2.14569  0.000714550  5.54719e-05  5.54458e-05  5.51649e-05
      2.14730  0.000665433  5.45393e-05  5.45509e-05  5.41007e-05
      2.14891  0.000802673  5.22269e-05  5.22060e-05  5.25528e-05
      2.15052  0.000878550  5.24715e-05  5.24604e-05  5.08241e-05
      2.15213  0.000703217  5.15747e-05  5.15428e-05  5.02100e-05
      2.15374  0.000807323  4.97482e-05  5.01018e-05  4.93480e-05
      2.15536  0.000502712  4.71431e-05  4.77921e-05  4.50735e-05
      2.15697  0.000625206  4.73081e-05  4.74016e-05  4.50504e-05
      2.15858  0.000654265  4.76818e-05  4.79737e-05  4.14779e-05
      2.15965  0.000567609  4.38602e-05  4.47073e-05  3.91056e-05
      2.16126  0.000405275  3.89043e-05  4.03439e-05  3.53118e-05
      2.16287  0.000700002  4.25839e-05  4.31812e-05  3.45719e-05
      2.16448  0.000504517  4.25662e-05  4.30055e-05  3.48342e-05
      2.16609  0.000729569  3.57139e-05  3.68512e-05  2.74205e-05
      2.16770  0.000507710  3.43173e-05  3.58375e-05  2.68584e-05
      2.16932  0.000486268  3.66514e-05  3.74256e-05  2.54348e-05
      2.17092  0.000531429  3.16076e-05  3.28598e-05  2.02733e-05
      2.17254  0.000332282  2.43144e-05  2.64696e-05  1.77163e-05
      2.17415  0.000319055  2.67605e-05  2.84540e-05  1.61161e-05
      2.17576  0.000485124  2.86557e-05  3.00002e-05  1.59759e-05
      2.17737  0.000327893  2.62011e-05  2.81507e-05  1.54112e-05
      2.17898  0.000301536  2.18978e-05  2.45339e-05  1.46481e-05
      2.18005  0.000220585  2.59352e-05  2.80726e-05  1.77398e-05
      2.18166  0.000416771  2.90700e-05  3.01946e-05  1.73640e-05
      2.18327  0.000191013  2.33969e-05  2.53056e-05  1.67828e-05
      2.18488  0.000288613  2.40154e-05  2.57905e-05  1.87087e-05
      2.18649  0.000296974  2.77413e-05  2.86762e-05  1.84903e-05
      2.18810  0.000301613  2.53142e-05  2.62829e-05  1.79203e-05
      2.18971  0.000231308  2.16029e-05  2.32400e-05  1.82923e-05
      2.19132  0.000371297  2.49138e-05  2.58390e-05  1.85398e-05
      2.19293  0.000378227  2.53061e-05  2.58743e-05  1.88603e-05
      2.19454  0.000189053  1.89297e-05  2.07385e-05  1.72754e-05
      2.19615  0.000364971  2.06289e-05  2.21649e-05  1.57738e-05
      2.19776  0.000342542  2.15429e-05  2.24997e-05  1.40139e-05
      2.19937  0.000200265  1.53955e-05  1.70662e-05  1.11228e-05
      2.20044  9.72347e-05  8.93653e-06  1.06692e-05  6.82174e-06
      2.20205  0.000142496  9.30123e-06  1.18136e-05  4.43054e-06
      2.20366  0.000186391  1.05873e-05  1.26994e-05  7.04602e-06
      2.20527 -2.83198e-05  1.14990e-05  1.28508e-05  8.54032e-06
      2.20688  9.51755e-05  1.96526e-05  1.94987e-05  1.40257e-05
      2.20849  0.000205497  2.11353e-05  2.02047e-05  1.49307e-05
      2.21010  0.000135688  1.90186e-05  1.91850e-05  1.50191e-05
      2.21171  9.42837e-05  1.79443e-05  1.87301e-05  1.47378e-05
      2.21332  0.000212504  1.95074e-05  2.00400e-05  1.40576e-05
      2.21493  0.000377151  1.73439e-05  1.82865e-05  1.29412e-05
      2.21654  3.82878e-05  1.50310e-05  1.62393e-05  1.22330e-05
      2.21815  0.000194853  1.76367e-05  1.85912e-05  1.17245e-05
      2.21976  7.04013e-05  1.68579e-05  1.80242e-05  1.17050e-05
      2.22083 -1.24147e-05  1.44560e-05  1.59527e-05  1.09901e-05
      2.22244  0.000150659  1.47813e-05  1.62905e-05  1.09541e-05
      2.22405  0.000102452  1.80375e-05  1.90896e-05  1.18850e-05
      2.22566  0.000358369  1.71953e-05  1.83149e-05  1.23324e-05
      2.22727  0.000261906  1.74881e-05  1.87054e-05  1.27124e-05
      2.22888  0.000144452  2.09566e-05  2.16491e-05  1.33154e-05
      2.23049  0.000324067  2.10938e-05  2.20033e-05  1.35500e-05
      2.23210  0.000201157  1.90120e-05  2.03510e-05  1.37899e-05
      2.23371  0.000198458  2.35491e-05  2.42970e-05  1.44092e-05
      2.23532  0.000316341  2.35368e-05  2.49938e-05  1.48341e-05
      2.23693  0.000379523  2.09587e-05  2.29599e-05  1.50630e-05
      2.23854  0.000379596  2.66171e-05  2.73542e-05  1.67524e-05
      2.24015  0.000163456  2.89074e-05  2.90259e-05  1.87476e-05
      2.24122  0.000493890  2.93397e-05  2.94297e-05  2.08851e-05
      2.24283  0.000348790  3.08072e-05  3.11707e-05  2.17111e-05
      2.24444  0.000513990  3.17548e-05  3.24800e-05  2.00743e-05
      2.24605  0.000446520  2.97612e-05  3.11462e-05  2.07056e-05
      2.24766  0.000407060  3.34852e-05  3.41820e-05  2.14164e-05
      2.24927  0.000360341  3.51752e-05  3.56011e-05  2.13231e-05
      2.25087  0.000262792  3.39917e-05  3.39812e-05  1.67514e-05
      2.25249  0.000455719  3.47370e-05  3.53551e-05  1.64769e-05
      2.25409  0.000427413  2.99283e-05  3.17307e-05  1.57732e-05
      2.25570  0.000596910  3.48778e-05  3.78363e-05  1.60156e-05
      2.25731  0.000572755  3.34828e-05  3.62607e-05  2.17974e-05
      2.25892  0.000643857  3.98580e-05  4.22226e-05  1.71235e-05
      2.26053  0.000519139  2.79795e-05  3.24202e-05  1.69181e-05
      2.26160  0.000549143  2.59368e-05  3.10696e-05  1.28382e-05
      2.26321  0.000770180  2.98572e-05  3.49396e-05  1.14113e-05
      2.26482  0.000688542  3.17764e-05  3.55049e-05  1.61137e-05
      2.26643  0.000811134  3.79253e-05  4.10261e-05  1.45380e-05
      2.26804  0.000286957  2.34508e-05  2.83724e-05  1.25550e-05
      2.26965  0.000509616  2.40637e-05  2.92850e-05  8.13117e-06
      2.27126  0.000516938  2.82456e-05  3.32234e-05  8.52775e-06
      2.27287  0.000571041  3.21599e-05  3.65289e-05  9.98060e-06
      2.27448  0.000148809  2.77115e-05  3.25391e-05  7.99063e-06
      2.27608  0.000371960  1.07569e-05  1.52834e-05  6.50925e-06
      2.27769  0.000503048  1.82431e-05  2.54887e-05  5.95695e-06
      2.27930  0.000549997  2.42016e-05  3.08324e-05  6.10393e-06
      2.28091  0.000459541  2.04397e-05  2.74661e-05  6.52971e-06
      2.28199  0.000458369  1.40016e-05  2.01473e-05  3.62302e-06
      2.28359  0.000143381  7.03692e-06  1.09522e-05  3.59066e-06
      2.28520  0.000251132  1.21547e-05  1.74561e-05  4.75436e-06
      2.28681  0.000280580  1.70242e-05  2.27152e-05  4.73048e-06
      2.28842  0.000224624  1.35080e-05  1.86188e-05  4.76481e-06
      2.29003  0.000115223  7.76597e-06  1.07697e-05  3.69582e-06
      2.29164  7.87714e-05  9.37347e-06  1.36651e-05  3.67995e-06
      2.29325  3.40017e-05  8.90255e-06  1.34109e-05  3.51115e-06
      2.29486 -4.58848e-05  7.52969e-06  1.13382e-05  4.05153e-06
      2.29647  0.000194526  9.92792e-06  1.49900e-05  4.14963e-06
      2.29808  0.000131747  1.14129e-05  1.65821e-05  3.25266e-06
      2.29969  0.000246295  3.33111e-06  5.04190e-06  3.23858e-06
      2.30129  0.000167160  4.19590e-06  7.01947e-06  1.99917e-06
      2.30237  0.000258574  6.14600e-06  1.05338e-05  2.01969e-06
      2.30398  5.64686e-05  4.18208e-06  6.99386e-06  2.05806e-06
      2.30558 -2.68073e-05  3.15007e-06  5.10158e-06  1.79506e-06
      2.30719  0.000145808  3.05209e-06  4.81281e-06  1.65784e-06
      2.30880  0.000144289  4.42603e-06  6.64523e-06  2.88424e-06
      2.31041  9.74232e-05  9.16310e-06  1.25086e-05  4.86361e-06
      2.31202  0.000113937  1.54805e-05  1.96341e-05  7.29103e-06
      2.31363  0.000396597  2.26038e-05  2.60537e-05  5.85857e-06
      2.31524  0.000207918  1.80711e-05  2.16711e-05  5.25781e-06
      2.31685 -2.73380e-05  3.30472e-06  4.48026e-06  2.59965e-06
      2.31846  0.000263030  3.28010e-06  5.30830e-06  2.56249e-06
      2.32007  0.000175998  9.08437e-06  1.37856e-05  3.00735e-06
      2.32168  0.000221346  9.11234e-06  1.35480e-05  4.13946e-06
      2.32275  5.39275e-05  1.09821e-05  1.57485e-05  4.99690e-06
      2.32436  0.000158037  1.35266e-05  1.87860e-05  4.83356e-06
      2.32597  0.000113412  8.73806e-06  1.24905e-05  4.59512e-06
      2.32758  0.000195210  7.41448e-06  1.13002e-05  3.47105e-06
      2.32919  0.000151374  8.61844e-06  1.26102e-05  3.47442e-06
      2.33080  4.03796e-05  9.85006e-06  1.40261e-05  3.55537e-06
      2.33240  0.000160540  9.04346e-06  1.31704e-05  3.53143e-06
      2.33401  0.000101618  9.34802e-06  1.31387e-05  3.51385e-06
      2.33562  0.000115871  1.51424e-05  1.85724e-05  4.29713e-06
      2.33723  0.000427140  1.72675e-05  2.05199e-05  4.98139e-06
      2.33884  0.000137132  8.72428e-06  1.17422e-05  4.81227e-06
      2.34045  0.000192183  6.00025e-06  8.13631e-06  5.24933e-06
      2.34206  0.000262787  1.74727e-05  2.02209e-05  5.96356e-06
      2.34313  0.000234084  2.04839e-05  2.28181e-05  6.06010e-06
      2.34474  8.15145e-05  1.57001e-05  1.84799e-05  7.02793e-06
      2.34635  1.99599e-05  1.19878e-05  1.57364e-05  5.69474e-06
      2.34796  1.22457e-05  8.28320e-06  1.19384e-05  3.89241e-06
      2.34957  2.43486e-06  9.74449e-06  1.32060e-05  3.82260e-06
      2.35118 -9.83411e-06  1.18965e-05  1.51314e-05  3.79489e-06
      2.35279 -5.92716e-05  1.18894e-05  1.51771e-05  3.74486e-06
      2.35440  1.24847e-05  9.81073e-06  1.32570e-05  3.29550e-06
      2.35601 -7.08785e-05  6.30393e-06  9.26943e-06  2.82640e-06
      2.35762 -8.05633e-05  7.09505e-06  1.05259e-05  3.14157e-06
      2.35923  0.000174628  7.32047e-06  1.02927e-05  3.55486e-06
      2.36084  5.11415e-05  9.73715e-06  1.36521e-05  4.32884e-06
      2.36245 -1.07333e-05  1.01166e-05  1.35675e-05  4.49598e-06
      2.36352  0.000133255  1.04983e-05  1.37342e-05  4.74739e-06
      2.36513 -7.72535e-06  9.92642e-06  1.30209e-05  4.66264e-06
      2.36674  2.98959e-05  8.54614e-06  1.16497e-05  4.29467e-06
      2.36835  6.42300e-06  8.31171e-06  1.17894e-05  3.40331e-06
      2.36996 -8.12288e-06  5.66681e-06  7.98573e-06  2.29903e-06
      2.37157  2.90944e-05  3.57117e-06  5.75252e-06  2.44329e-06
      2.37318 -1.33468e-05  6.94003e-06  9.82268e-06  2.81634e-06
      2.37479 -1.13022e-05  1.21932e-05  1.47324e-05  4.44996e-06
      2.37640 -3.90526e-05  9.61122e-06  1.13037e-05  4.51590e-06
      2.37801 -0.000335898  1.31063e-05  1.56275e-05  4.63964e-06
      2.37962  0.000253947  8.68088e-06  1.08584e-05  4.52309e-06
      2.38123  0.000336506  8.88884e-06  1.15591e-05  4.44945e-06
      2.38284 -8.79152e-05  8.17327e-06  1.05471e-05  4.87265e-06
      2.38391  0.000180627  9.26635e-06  1.16669e-05  4.95794e-06
      2.38552  8.63054e-05  1.17309e-05  1.44437e-05  5.32580e-06
      2.38713 -5.48019e-05  1.06152e-05  1.32833e-05  5.73352e-06
      2.38874  0.000618010  1.33292e-05  1.56485e-05  5.45035e-06
      2.39035  6.45466e-05  1.29435e-05  1.53013e-05  5.67330e-06
      2.39196  0.000132840  1.31318e-05  1.55066e-05  6.42481e-06
      2.39357 -3.85009e-05  1.62477e-05  1.75321e-05  7.99165e-06
      2.39518  0.000137641  1.64502e-05  1.75032e-05  9.45502e-06
      2.39679  0.000647602  1.77897e-05  1.81768e-05  1.11041e-05
      2.39840  0.000490994  1.98437e-05  1.98976e-05  1.16625e-05
      2.39962  0.000247368  1.82894e-05  1.90240e-05  1.23332e-05
      2.40113  0.000365001  1.75254e-05  1.88730e-05  1.28327e-05
      2.40265  0.000257787  1.87216e-05  1.93801e-05  1.27618e-05
      2.40366  7.56332e-05  1.86324e-05  1.90500e-05  1.27417e-05
      2.40517  0.000187702  1.85380e-05  1.88815e-05  1.28834e-05
      2.40668  0.000329254  1.85283e-05  2.01455e-05  1.29585e-05
      2.40820  0.000542536  1.89803e-05  2.08916e-05  1.31602e-05
      2.40971  0.000244502  1.67775e-05  1.90245e-05  1.33974e-05
      2.41122  0.000514582  1.78734e-05  2.01551e-05  1.34574e-05
      2.41274  0.000654681  1.98705e-05  2.14447e-05  1.30550e-05
      2.41425  0.000646688  2.08010e-05  2.22355e-05  1.36197e-05
      2.41576  0.000142267  2.01309e-05  2.26577e-05  1.49510e-05
      2.41728  2.94213e-05  2.02898e-05  2.31866e-05  1.38567e-05
      2.41879  0.000542002  1.94402e-05  2.13975e-05  1.41990e-05
      2.42030  0.000381193  1.79449e-05  2.07030e-05  1.03444e-05
      2.42181  0.000500820  1.93660e-05  2.28020e-05  1.05778e-05
      2.42282  0.000455601  1.67416e-05  2.02211e-05  9.30124e-06
      2.42434  0.000560304  1.43021e-05  1.83290e-05  9.22726e-06
      2.42585  0.000760107  1.77227e-05  2.15688e-05  1.24195e-05
      2.42736   0.00119762  2.55671e-05  2.81653e-05  1.34716e-05
      2.42887  0.000273414  3.13429e-05  3.23921e-05  1.69886e-05
      2.43039  0.000814699  3.24668e-05  3.37080e-05  1.80799e-05
      2.43190   0.00135036  3.17315e-05  3.27943e-05  1.91530e-05
      2.43341  0.000593976  3.38550e-05  3.51035e-05  1.98554e-05
      2.43492   0.00148140  3.46971e-05  3.63078e-05  2.11540e-05
      2.43644   0.00161290  3.34447e-05  3.83313e-05  2.18747e-05
      2.43795   0.00106476  3.25940e-05  3.73565e-05  2.09693e-05
      2.43946   0.00116214  3.69614e-05  3.99742e-05  2.15522e-05
      2.44097   0.00121251  4.21540e-05  4.25179e-05  2.29034e-05
      2.44198  0.000965473  4.67394e-05  4.76763e-05  2.33634e-05
      2.44349   0.00151053  4.68502e-05  4.95761e-05  2.71949e-05
      2.44500   0.00186455  4.56720e-05  5.08196e-05  3.18936e-05
      2.44652  0.000806319  5.37824e-05  5.68047e-05  3.70374e-05
      2.44803   0.00224584  5.59647e-05  5.89563e-05  4.23862e-05
      2.44954   0.00212321  5.80857e-05  6.19477e-05  4.74099e-05
      2.45105   0.00301651  6.09993e-05  6.40322e-05  5.24447e-05
      2.45256   0.00229636  6.96798e-05  7.06956e-05  5.38662e-05
      2.45407   0.00345915  7.18627e-05  7.39117e-05  5.54572e-05
      2.45558   0.00241030  6.77594e-05  7.19115e-05  5.87679e-05
      2.45709   0.00191791  7.20635e-05  7.34666e-05  6.19832e-05
      2.45861   0.00267587  8.28878e-05  8.47509e-05  6.78030e-05
      2.46012   0.00343656  8.79649e-05  9.04937e-05  7.26411e-05
      2.46112   0.00262729  8.60792e-05  9.04541e-05  7.38119e-05
      2.46264   0.00402692  8.85464e-05  9.10463e-05  7.31794e-05
      2.46415   0.00293305  9.08034e-05  9.36780e-05  7.49571e-05
      2.46566   0.00316145  9.80925e-05  9.88861e-05  7.46197e-05
      2.46717   0.00375906  0.000103406  0.000105453  7.67135e-05
      2.46868   0.00362903  8.08730e-05  8.99243e-05  7.83236e-05
      2.47019   0.00360286  9.33140e-05  0.000100917  8.07509e-05
      2.47170   0.00321628  0.000116093  0.000120204  8.53984e-05
      2.47321   0.00413362  0.000118616  0.000124007  8.96029e-05
      2.47472   0.00344269  0.000116118  0.000119771  0.000101500
      2.47623   0.00413164  0.000127653  0.000129902  0.000103116
      2.47774   0.00417108  0.000126290  0.000129479  0.000103863
      2.47925   0.00368323  0.000125667  0.000129244  0.000102357
      2.48026   0.00431706  0.000132812  0.000135115  9.32335e-05
      2.48177   0.00472956  0.000140471  0.000142515  9.45487e-05
      2.48328   0.00404319  0.000120573  0.000127629  0.000103167
      2.48479   0.00293907  0.000116087  0.000126608  0.000104378
      2.48630   0.00551677  0.000140364  0.000150325  0.000104525
      2.48781   0.00266563  0.000111259  0.000123012  0.000103001
      2.48932   0.00384226  0.000117539  0.000130558  0.000104834
      2.49083   0.00527468  0.000145000  0.000155488  0.000107846
      2.49234   0.00447493  0.000160357  0.000167132  0.000120715
      2.49385   0.00392221  0.000165701  0.000170359  0.000145470
      2.49536   0.00560581  0.000174823  0.000179823  0.000134760
      2.49687   0.00616546  0.000158966  0.000166196  0.000113750
